itemid, item 1, item 1 amount, item 1 prob, item 2..,,,,,,,,,,,,,,,,,,,,,,,,,,,,,,,,,,,,,,,,, item 15, number you get, number of items, item name
2032,12243,2,95000,12243,3,2000,12243,4,1000,12083,1,1000,12244,2,500,12245,2,500,0,0,0,0,0,0,0,0,0,0,0,0,0,0,0,0,0,0,0,0,0,0,0,0,0,0,0,1,6,Hat: Iron Helm
2033,12245,2,95000,12245,3,2000,12245,4,1000,12085,1,1000,12246,2,500,12247,2,500,0,0,0,0,0,0,0,0,0,0,0,0,0,0,0,0,0,0,0,0,0,0,0,0,0,0,0,1,6,Hat: Trunket Helm
2034,12247,2,95000,12247,3,2000,12247,4,1000,12086,1,1000,12248,2,500,12249,2,500,0,0,0,0,0,0,0,0,0,0,0,0,0,0,0,0,0,0,0,0,0,0,0,0,0,0,0,1,6,Hat: Chrome Helm
2035,12249,2,95000,12249,3,2000,12249,4,1000,12086,1,1000,12250,2,500,12381,2,500,0,0,0,0,0,0,0,0,0,0,0,0,0,0,0,0,0,0,0,0,0,0,0,0,0,0,0,1,6,Hat: Mighty Helm
2036,12250,2,95000,12250,3,2000,12250,4,1000,12086,1,1000,12381,2,500,12381,3,500,0,0,0,0,0,0,0,0,0,0,0,0,0,0,0,0,0,0,0,0,0,0,0,0,0,0,0,1,6,Hat: Kurash Helm
2037,12381,2,95000,12381,3,2000,12381,4,1000,12086,1,1000,12381,5,500,12086,1,500,0,0,0,0,0,0,0,0,0,0,0,0,0,0,0,0,0,0,0,0,0,0,0,0,0,0,0,1,6,Hat: Plate Helm
2042,12382,2,95000,12382,3,2000,12382,4,1000,12086,1,1000,12381,5,500,12086,1,500,0,0,0,0,0,0,0,0,0,0,0,0,0,0,0,0,0,0,0,0,0,0,0,0,0,0,0,1,6,Hat: Rightous Plate Helm
2092,12243,2,95000,12243,3,2000,12243,4,1000,12083,1,1000,12244,2,500,12245,2,500,0,0,0,0,0,0,0,0,0,0,0,0,0,0,0,0,0,0,0,0,0,0,0,0,0,0,0,1,6,Hat: Criker Hat
2093,12245,2,95000,12245,3,2000,12245,4,1000,12085,1,1000,12246,2,500,12247,2,500,0,0,0,0,0,0,0,0,0,0,0,0,0,0,0,0,0,0,0,0,0,0,0,0,0,0,0,1,6,Hat: Ranger Hat
2094,12247,2,95000,12247,3,2000,12247,4,1000,12086,1,1000,12248,2,500,12249,2,500,0,0,0,0,0,0,0,0,0,0,0,0,0,0,0,0,0,0,0,0,0,0,0,0,0,0,0,1,6,Hat: Black Pirate Hat
2095,12249,2,95000,12249,3,2000,12249,4,1000,12086,1,1000,12250,2,500,12381,2,500,0,0,0,0,0,0,0,0,0,0,0,0,0,0,0,0,0,0,0,0,0,0,0,0,0,0,0,1,6,Hat: Mariner's Hat
2096,12250,2,95000,12250,3,2000,12250,4,1000,12086,1,1000,12381,2,500,12381,3,500,0,0,0,0,0,0,0,0,0,0,0,0,0,0,0,0,0,0,0,0,0,0,0,0,0,0,0,1,6,Hat: Jaguar Hat 
2097,12381,2,95000,12381,3,2000,12381,4,1000,12086,1,1000,12381,5,500,12086,1,500,0,0,0,0,0,0,0,0,0,0,0,0,0,0,0,0,0,0,0,0,0,0,0,0,0,0,0,1,6,Hat: Wild Hawker Hat
2102,12382,2,95000,12382,3,2000,12382,4,1000,12086,1,1000,12382,5,500,12086,1,500,0,0,0,0,0,0,0,0,0,0,0,0,0,0,0,0,0,0,0,0,0,0,0,0,0,0,0,1,6,Hat: Netherworld Hat
2062,12243,2,95000,12243,3,2000,12243,4,1000,12083,1,1000,12244,2,500,12245,2,500,0,0,0,0,0,0,0,0,0,0,0,0,0,0,0,0,0,0,0,0,0,0,0,0,0,0,0,1,6,Hat: Green Hat of Witch
2063,12245,2,95000,12245,3,2000,12245,4,1000,12085,1,1000,12246,2,500,12247,2,500,0,0,0,0,0,0,0,0,0,0,0,0,0,0,0,0,0,0,0,0,0,0,0,0,0,0,0,1,6,Hat: Purple Hat of Witch
2064,12247,2,95000,12247,3,2000,12247,4,1000,12086,1,1000,12248,2,500,12249,2,500,0,0,0,0,0,0,0,0,0,0,0,0,0,0,0,0,0,0,0,0,0,0,0,0,0,0,0,1,6,Hat: Violet Beret
2065,12249,2,95000,12249,3,2000,12249,4,1000,12086,1,1000,12250,2,500,12381,2,500,0,0,0,0,0,0,0,0,0,0,0,0,0,0,0,0,0,0,0,0,0,0,0,0,0,0,0,1,6,Hat: Hat of Shadow
2066,12250,2,95000,12250,3,2000,12250,4,1000,12086,1,1000,12381,2,500,12381,3,500,0,0,0,0,0,0,0,0,0,0,0,0,0,0,0,0,0,0,0,0,0,0,0,0,0,0,0,1,6,Hat: Velvet Hat of Witch
2067,12381,2,95000,12381,3,2000,12381,4,1000,12086,1,1000,12381,5,500,12086,1,500,0,0,0,0,0,0,0,0,0,0,0,0,0,0,0,0,0,0,0,0,0,0,0,0,0,0,0,1,6,Hat: Heaven's Bonnet
2072,12382,2,95000,12382,3,2000,12381,4,1000,12086,1,1000,12382,5,500,12086,1,500,0,0,0,0,0,0,0,0,0,0,0,0,0,0,0,0,0,0,0,0,0,0,0,0,0,0,0,1,6,Hat: Archmage Bonnet
2122,12243,2,95000,12243,3,2000,12243,4,1000,12083,1,1000,12244,2,500,12245,2,500,0,0,0,0,0,0,0,0,0,0,0,0,0,0,0,0,0,0,0,0,0,0,0,0,0,0,0,1,6,Hat: Vibe Turban 
2123,12245,2,95000,12245,3,2000,12245,4,1000,12085,1,1000,12246,2,500,12247,2,500,0,0,0,0,0,0,0,0,0,0,0,0,0,0,0,0,0,0,0,0,0,0,0,0,0,0,0,1,6,Hat: Tamiya Goggles
2124,12247,2,95000,12247,3,2000,12247,4,1000,12086,1,1000,12248,2,500,12249,2,500,0,0,0,0,0,0,0,0,0,0,0,0,0,0,0,0,0,0,0,0,0,0,0,0,0,0,0,1,6,Hat: Semiya Goggles
2125,12249,2,95000,12249,3,2000,12249,4,1000,12086,1,1000,12250,2,500,12381,2,500,0,0,0,0,0,0,0,0,0,0,0,0,0,0,0,0,0,0,0,0,0,0,0,0,0,0,0,1,6,Hat: Merchant Hat 
2126,12250,2,95000,12250,3,2000,12250,4,1000,12086,1,1000,12381,2,500,12381,3,500,0,0,0,0,0,0,0,0,0,0,0,0,0,0,0,0,0,0,0,0,0,0,0,0,0,0,0,1,6,Hat: Rich Merchant Turban
2127,12381,2,95000,12381,3,2000,12381,4,1000,12086,1,1000,12381,5,500,12086,1,500,0,0,0,0,0,0,0,0,0,0,0,0,0,0,0,0,0,0,0,0,0,0,0,0,0,0,0,1,6,Hat: Redfield Chairman Hat
2132,12382,2,95000,12382,3,2000,12382,4,1000,12086,1,1000,12382,5,500,12086,1,500,0,0,0,0,0,0,0,0,0,0,0,0,0,0,0,0,0,0,0,0,0,0,0,0,0,0,0,1,6,Hat: Noble Lord Hat
2007,12242,2,95000,12242,3,2000,12242,4,1000,12082,1,1000,12243,2,500,12244,2,500,0,0,0,0,0,0,0,0,0,0,0,0,0,0,0,0,0,0,0,0,0,0,0,0,0,0,0,1,6,Hat: Red Leather Beret
2008,12244,2,95000,12244,3,2000,12244,4,1000,12084,1,1000,12245,2,500,12246,2,500,0,0,0,0,0,0,0,0,0,0,0,0,0,0,0,0,0,0,0,0,0,0,0,0,0,0,0,1,6,Hat: Rodeo Hat
2009,12246,2,95000,12246,3,2000,12246,4,1000,12086,1,1000,12247,2,500,12248,2,500,0,0,0,0,0,0,0,0,0,0,0,0,0,0,0,0,0,0,0,0,0,0,0,0,0,0,0,1,6,Hat: Luxurious Rodeo Hat
2010,12248,2,95000,12248,3,2000,12248,4,1000,12086,1,1000,12249,2,500,12250,2,500,0,0,0,0,0,0,0,0,0,0,0,0,0,0,0,0,0,0,0,0,0,0,0,0,0,0,0,1,6,Hat: Joker Jester
2011,12250,2,95000,12250,3,2000,12250,4,1000,12086,1,1000,12381,2,500,12381,3,500,0,0,0,0,0,0,0,0,0,0,0,0,0,0,0,0,0,0,0,0,0,0,0,0,0,0,0,1,6,Hat: Luxurious Joker Jester
2012,12381,2,95000,12381,3,2000,12381,4,1000,12086,1,1000,12381,5,500,12086,1,500,0,0,0,0,0,0,0,0,0,0,0,0,0,0,0,0,0,0,0,0,0,0,0,0,0,0,0,1,6,Hat: Venetian Hat
3032,12243,5,95000,12243,8,2000,12243,10,1000,12083,1,1000,12244,5,500,12245,5,500,0,0,0,0,0,0,0,0,0,0,0,0,0,0,0,0,0,0,0,0,0,0,0,0,0,0,0,1,6,Clothes: Iron Armor
3033,12245,5,95000,12245,8,2000,12245,10,1000,12085,1,1000,12246,5,500,12247,5,500,0,0,0,0,0,0,0,0,0,0,0,0,0,0,0,0,0,0,0,0,0,0,0,0,0,0,0,1,6,Clothes: Trunket Armor
3034,12247,5,95000,12247,8,2000,12247,10,1000,12086,1,1000,12248,5,500,12249,5,500,0,0,0,0,0,0,0,0,0,0,0,0,0,0,0,0,0,0,0,0,0,0,0,0,0,0,0,1,6,Clothes: Chrome Armor
3035,12249,5,95000,12249,8,2000,12249,10,1000,12086,1,1000,12250,5,500,12381,5,500,0,0,0,0,0,0,0,0,0,0,0,0,0,0,0,0,0,0,0,0,0,0,0,0,0,0,0,1,6,Clothes: Mighty Armor
3036,12250,5,95000,12250,8,2000,12250,10,1000,12086,1,1000,12381,5,500,12381,8,500,0,0,0,0,0,0,0,0,0,0,0,0,0,0,0,0,0,0,0,0,0,0,0,0,0,0,0,1,6,Clothes: Kurash Armor
3037,12381,5,95000,12381,8,2000,12381,10,1000,12086,1,1000,12381,13,500,12086,1,500,0,0,0,0,0,0,0,0,0,0,0,0,0,0,0,0,0,0,0,0,0,0,0,0,0,0,0,1,6,Clothes: Plate Armor
3042,12382,5,95000,12382,8,2000,12382,10,1000,12086,1,1000,12381,13,500,12086,1,500,0,0,0,0,0,0,0,0,0,0,0,0,0,0,0,0,0,0,0,0,0,0,0,0,0,0,0,1,6,Clothes: Rightous Plate Mail
3092,12243,5,95000,12243,8,2000,12243,10,1000,12083,1,1000,12244,5,500,12245,5,500,0,0,0,0,0,0,0,0,0,0,0,0,0,0,0,0,0,0,0,0,0,0,0,0,0,0,0,1,6,Clothes: Criker Chest
3093,12245,5,95000,12245,8,2000,12245,10,1000,12085,1,1000,12246,5,500,12247,5,500,0,0,0,0,0,0,0,0,0,0,0,0,0,0,0,0,0,0,0,0,0,0,0,0,0,0,0,1,6,Clothes: Ranger Chest
3094,12247,5,95000,12247,8,2000,12247,10,1000,12086,1,1000,12248,5,500,12249,5,500,0,0,0,0,0,0,0,0,0,0,0,0,0,0,0,0,0,0,0,0,0,0,0,0,0,0,0,1,6,Clothes: Black Pirate Armor
3095,12249,5,95000,12249,8,2000,12249,10,1000,12086,1,1000,12250,5,500,12381,5,500,0,0,0,0,0,0,0,0,0,0,0,0,0,0,0,0,0,0,0,0,0,0,0,0,0,0,0,1,6,Clothes: Mariner¡¯s Look
3096,12250,5,95000,12250,8,2000,12250,10,1000,12086,1,1000,12381,5,500,12381,8,500,0,0,0,0,0,0,0,0,0,0,0,0,0,0,0,0,0,0,0,0,0,0,0,0,0,0,0,1,6,Clothes: Jaguar Chest 
3097,12381,5,95000,12381,8,2000,12381,10,1000,12086,1,1000,12381,13,500,12086,1,500,0,0,0,0,0,0,0,0,0,0,0,0,0,0,0,0,0,0,0,0,0,0,0,0,0,0,0,1,6,Clothes: Wild Hawker Chest
3102,12382,5,95000,12382,8,2000,12382,10,1000,12086,1,1000,12381,13,500,12086,1,500,0,0,0,0,0,0,0,0,0,0,0,0,0,0,0,0,0,0,0,0,0,0,0,0,0,0,0,1,6,Clothes: Netherworld Chest
3062,12243,5,95000,12243,8,2000,12243,10,1000,12083,1,1000,12244,5,500,12245,5,500,0,0,0,0,0,0,0,0,0,0,0,0,0,0,0,0,0,0,0,0,0,0,0,0,0,0,0,1,6,Clothes: Green Vest of Witch
3063,12245,5,95000,12245,8,2000,12245,10,1000,12085,1,1000,12246,5,500,12247,5,500,0,0,0,0,0,0,0,0,0,0,0,0,0,0,0,0,0,0,0,0,0,0,0,0,0,0,0,1,6,Clothes: Purple Vest of Witch
3064,12247,5,95000,12247,8,2000,12247,10,1000,12086,1,1000,12248,5,500,12249,5,500,0,0,0,0,0,0,0,0,0,0,0,0,0,0,0,0,0,0,0,0,0,0,0,0,0,0,0,1,6,Clothes: Violet Dress
3065,12249,5,95000,12249,8,2000,12249,10,1000,12086,1,1000,12250,5,500,12381,5,500,0,0,0,0,0,0,0,0,0,0,0,0,0,0,0,0,0,0,0,0,0,0,0,0,0,0,0,1,6,Clothes: Coat of Shadow
3066,12250,5,95000,12250,8,2000,12250,10,1000,12086,1,1000,12381,5,500,12381,8,500,0,0,0,0,0,0,0,0,0,0,0,0,0,0,0,0,0,0,0,0,0,0,0,0,0,0,0,1,6,Clothes: Velvet Coat of Witch
3067,12381,5,95000,12381,8,2000,12381,10,1000,12086,1,1000,12381,13,500,12086,1,500,0,0,0,0,0,0,0,0,0,0,0,0,0,0,0,0,0,0,0,0,0,0,0,0,0,0,0,1,6,Clothes: Heaven's Coat
3072,12382,5,95000,12382,8,2000,12382,10,1000,12086,1,1000,12382,13,500,12086,1,500,0,0,0,0,0,0,0,0,0,0,0,0,0,0,0,0,0,0,0,0,0,0,0,0,0,0,0,1,6,Clothes: Archmage Coat
3122,12243,5,95000,12243,8,2000,12243,10,1000,12083,1,1000,12244,5,500,12245,5,500,0,0,0,0,0,0,0,0,0,0,0,0,0,0,0,0,0,0,0,0,0,0,0,0,0,0,0,1,6,Clothes: Vibe Vest
3123,12245,5,95000,12245,8,2000,12245,10,1000,12085,1,1000,12246,5,500,12247,5,500,0,0,0,0,0,0,0,0,0,0,0,0,0,0,0,0,0,0,0,0,0,0,0,0,0,0,0,1,6,Clothes: Tamiya Vest
3124,12247,5,95000,12247,8,2000,12247,10,1000,12086,1,1000,12248,5,500,12249,5,500,0,0,0,0,0,0,0,0,0,0,0,0,0,0,0,0,0,0,0,0,0,0,0,0,0,0,0,1,6,Clothes: Semiya Vest
3125,12249,5,95000,12249,8,2000,12249,10,1000,12086,1,1000,12250,5,500,12381,5,500,0,0,0,0,0,0,0,0,0,0,0,0,0,0,0,0,0,0,0,0,0,0,0,0,0,0,0,1,6,Clothes: Merchant Vest
3126,12250,5,95000,12250,8,2000,12250,10,1000,12086,1,1000,12381,5,500,12381,8,500,0,0,0,0,0,0,0,0,0,0,0,0,0,0,0,0,0,0,0,0,0,0,0,0,0,0,0,1,6,Clothes: Rich Merchant Vest
3127,12381,5,95000,12381,8,2000,12381,10,1000,12086,1,1000,12381,13,500,12086,1,500,0,0,0,0,0,0,0,0,0,0,0,0,0,0,0,0,0,0,0,0,0,0,0,0,0,0,0,1,6,Clothes: Redfield Chairman Suit
3132,12382,5,95000,12382,8,2000,12382,10,1000,12086,1,1000,12382,13,500,12086,1,500,0,0,0,0,0,0,0,0,0,0,0,0,0,0,0,0,0,0,0,0,0,0,0,0,0,0,0,1,6,Clothes: Noble Lord Vest
3006,12242,4,95000,12242,6,2000,12242,8,1000,12082,2,1000,12243,4,500,12244,4,500,0,0,0,0,0,0,0,0,0,0,0,0,0,0,0,0,0,0,0,0,0,0,0,0,0,0,0,1,6,Clothes: Yellow Denim Look
3007,12244,4,95000,12244,6,2000,12244,8,1000,12084,2,1000,12245,4,500,12246,4,500,0,0,0,0,0,0,0,0,0,0,0,0,0,0,0,0,0,0,0,0,0,0,0,0,0,0,0,1,6,Clothes: Blue Denim Look
3009,12246,4,95000,12246,6,2000,12246,8,1000,12086,2,1000,12247,4,500,12248,4,500,0,0,0,0,0,0,0,0,0,0,0,0,0,0,0,0,0,0,0,0,0,0,0,0,0,0,0,1,6,Clothes: Brown Denim Look
3010,12248,4,95000,12248,6,2000,12248,8,1000,12086,2,1000,12249,4,500,12250,4,500,0,0,0,0,0,0,0,0,0,0,0,0,0,0,0,0,0,0,0,0,0,0,0,0,0,0,0,1,6,Clothes: Islamic Dress
3011,12250,4,95000,12250,6,2000,12250,8,1000,12086,2,1000,12381,4,500,12381,6,500,0,0,0,0,0,0,0,0,0,0,0,0,0,0,0,0,0,0,0,0,0,0,0,0,0,0,0,1,6,Clothes: Venetian Dress
3012,12381,4,95000,12381,6,2000,12381,8,1000,12086,2,1000,12381,10,500,12086,1,500,0,0,0,0,0,0,0,0,0,0,0,0,0,0,0,0,0,0,0,0,0,0,0,0,0,0,0,1,6,Clothes: Fancy Sky
4032,12243,2,95000,12243,3,2000,12243,4,1000,12083,1,1000,12244,2,500,12245,2,500,0,0,0,0,0,0,0,0,0,0,0,0,0,0,0,0,0,0,0,0,0,0,0,0,0,0,0,1,6,Gloves: Iron Gauntlets
4033,12245,2,95000,12245,3,2000,12245,4,1000,12085,1,1000,12246,2,500,12247,2,500,0,0,0,0,0,0,0,0,0,0,0,0,0,0,0,0,0,0,0,0,0,0,0,0,0,0,0,1,6,Gloves: Trunket Gloves
4034,12247,2,95000,12247,3,2000,12247,4,1000,12086,1,1000,12248,2,500,12249,2,500,0,0,0,0,0,0,0,0,0,0,0,0,0,0,0,0,0,0,0,0,0,0,0,0,0,0,0,1,6,Gloves: Chrome Gauntlets
4035,12249,2,95000,12249,3,2000,12249,4,1000,12086,1,1000,12250,2,500,12381,2,500,0,0,0,0,0,0,0,0,0,0,0,0,0,0,0,0,0,0,0,0,0,0,0,0,0,0,0,1,6,Gloves: Mighty Gauntlets
4036,12250,2,95000,12250,3,2000,12250,4,1000,12086,1,1000,12381,2,500,12381,3,500,0,0,0,0,0,0,0,0,0,0,0,0,0,0,0,0,0,0,0,0,0,0,0,0,0,0,0,1,6,Gloves: Kurash Gauntlets
4037,12381,2,95000,12381,3,2000,12381,4,1000,12086,1,1000,12381,5,500,12086,1,500,0,0,0,0,0,0,0,0,0,0,0,0,0,0,0,0,0,0,0,0,0,0,0,0,0,0,0,1,6,Gloves: Plate Gauntlets
4042,12382,2,95000,12381,3,2000,12381,4,1000,12086,1,1000,12382,5,500,12086,1,500,0,0,0,0,0,0,0,0,0,0,0,0,0,0,0,0,0,0,0,0,0,0,0,0,0,0,0,1,6,Gloves: Rightous Plate Gauntlets
4092,12243,2,95000,12243,3,2000,12243,4,1000,12083,1,1000,12244,2,500,12245,2,500,0,0,0,0,0,0,0,0,0,0,0,0,0,0,0,0,0,0,0,0,0,0,0,0,0,0,0,1,6,Gloves: Criker Gloves
4093,12245,2,95000,12245,3,2000,12245,4,1000,12085,1,1000,12246,2,500,12247,2,500,0,0,0,0,0,0,0,0,0,0,0,0,0,0,0,0,0,0,0,0,0,0,0,0,0,0,0,1,6,Gloves: Ranger Gloves
4094,12247,2,95000,12247,3,2000,12247,4,1000,12086,1,1000,12248,2,500,12249,2,500,0,0,0,0,0,0,0,0,0,0,0,0,0,0,0,0,0,0,0,0,0,0,0,0,0,0,0,1,6,Gloves: Black Pirate Gloves
4095,12249,2,95000,12249,3,2000,12249,4,1000,12086,1,1000,12250,2,500,12381,2,500,0,0,0,0,0,0,0,0,0,0,0,0,0,0,0,0,0,0,0,0,0,0,0,0,0,0,0,1,6,Gloves: Mariner's Gloves
4096,12250,2,95000,12250,3,2000,12250,4,1000,12086,1,1000,12381,2,500,12381,3,500,0,0,0,0,0,0,0,0,0,0,0,0,0,0,0,0,0,0,0,0,0,0,0,0,0,0,0,1,6,Gloves: Jaguar Gloves
4097,12381,2,95000,12381,3,2000,12381,4,1000,12086,1,1000,12381,5,500,12086,1,500,0,0,0,0,0,0,0,0,0,0,0,0,0,0,0,0,0,0,0,0,0,0,0,0,0,0,0,1,6,Gloves: Wild Hawker Gloves
4102,12382,2,95000,12382,3,2000,12382,4,1000,12086,1,1000,12382,5,500,12086,1,500,0,0,0,0,0,0,0,0,0,0,0,0,0,0,0,0,0,0,0,0,0,0,0,0,0,0,0,1,6,Gloves: Netherworld Gloves
4062,12243,2,95000,12243,3,2000,12243,4,1000,12083,1,1000,12244,2,500,12245,2,500,0,0,0,0,0,0,0,0,0,0,0,0,0,0,0,0,0,0,0,0,0,0,0,0,0,0,0,1,6,Gloves: Green Gloves of Witch
4063,12245,2,95000,12245,3,2000,12245,4,1000,12085,1,1000,12246,2,500,12247,2,500,0,0,0,0,0,0,0,0,0,0,0,0,0,0,0,0,0,0,0,0,0,0,0,0,0,0,0,1,6,Gloves: Purple Gloves of Witch
4064,12247,2,95000,12247,3,2000,12247,4,1000,12086,1,1000,12248,2,500,12249,2,500,0,0,0,0,0,0,0,0,0,0,0,0,0,0,0,0,0,0,0,0,0,0,0,0,0,0,0,1,6,Gloves: Violet Gloves
4065,12249,2,95000,12249,3,2000,12249,4,1000,12086,1,1000,12250,2,500,12381,2,500,0,0,0,0,0,0,0,0,0,0,0,0,0,0,0,0,0,0,0,0,0,0,0,0,0,0,0,1,6,Gloves: Gloves of Shadow
4066,12250,2,95000,12250,3,2000,12250,4,1000,12086,1,1000,12381,2,500,12381,3,500,0,0,0,0,0,0,0,0,0,0,0,0,0,0,0,0,0,0,0,0,0,0,0,0,0,0,0,1,6,Gloves: Velvet Gloves of Witch
4067,12381,2,95000,12381,3,2000,12381,4,1000,12086,1,1000,12381,5,500,12086,1,500,0,0,0,0,0,0,0,0,0,0,0,0,0,0,0,0,0,0,0,0,0,0,0,0,0,0,0,1,6,Gloves: Heaven's Gloves
4072,12382,2,95000,12382,3,2000,12382,4,1000,12086,1,1000,12382,5,500,12086,1,500,0,0,0,0,0,0,0,0,0,0,0,0,0,0,0,0,0,0,0,0,0,0,0,0,0,0,0,1,6,Gloves: Archmage Gloves
4122,12243,2,95000,12243,3,2000,12243,4,1000,12083,1,1000,12244,2,500,12245,2,500,0,0,0,0,0,0,0,0,0,0,0,0,0,0,0,0,0,0,0,0,0,0,0,0,0,0,0,1,6,Gloves: Vibe Gloves
4123,12245,2,95000,12245,3,2000,12245,4,1000,12085,1,1000,12246,2,500,12247,2,500,0,0,0,0,0,0,0,0,0,0,0,0,0,0,0,0,0,0,0,0,0,0,0,0,0,0,0,1,6,Gloves: Tamiya Gloves
4124,12247,2,95000,12247,3,2000,12247,4,1000,12086,1,1000,12248,2,500,12249,2,500,0,0,0,0,0,0,0,0,0,0,0,0,0,0,0,0,0,0,0,0,0,0,0,0,0,0,0,1,6,Gloves: Semiya Gloves
4125,12249,2,95000,12249,3,2000,12249,4,1000,12086,1,1000,12250,2,500,12381,2,500,0,0,0,0,0,0,0,0,0,0,0,0,0,0,0,0,0,0,0,0,0,0,0,0,0,0,0,1,6,Gloves: Merchant Gloves
4126,12250,2,95000,12250,3,2000,12250,4,1000,12086,1,1000,12381,2,500,12381,3,500,0,0,0,0,0,0,0,0,0,0,0,0,0,0,0,0,0,0,0,0,0,0,0,0,0,0,0,1,6,Gloves: Rich Merchant Gloves
4127,12381,2,95000,12381,3,2000,12381,4,1000,12086,1,1000,12381,5,500,12086,1,500,0,0,0,0,0,0,0,0,0,0,0,0,0,0,0,0,0,0,0,0,0,0,0,0,0,0,0,1,6,Gloves: Redfield Chairman Gloves
4132,12382,2,95000,12382,3,2000,12382,4,1000,12086,1,1000,12382,5,500,12086,1,500,0,0,0,0,0,0,0,0,0,0,0,0,0,0,0,0,0,0,0,0,0,0,0,0,0,0,0,1,6,Gloves: Noble Lord Gloves
4007,12242,2,95000,12242,3,2000,12242,4,1000,12082,1,1000,12243,2,500,12244,2,500,0,0,0,0,0,0,0,0,0,0,0,0,0,0,0,0,0,0,0,0,0,0,0,0,0,0,0,1,6,Gloves: Full Action Gloves
4008,12244,2,95000,12244,3,2000,12244,4,1000,12084,1,1000,12245,2,500,12246,2,500,0,0,0,0,0,0,0,0,0,0,0,0,0,0,0,0,0,0,0,0,0,0,0,0,0,0,0,1,6,Gloves: Gray Gloves
4009,12246,2,95000,12246,3,2000,12246,4,1000,12086,1,1000,12247,2,500,12248,2,500,0,0,0,0,0,0,0,0,0,0,0,0,0,0,0,0,0,0,0,0,0,0,0,0,0,0,0,1,6,Gloves: Hill Gray Gloves
4010,12248,2,95000,12248,3,2000,12248,4,1000,12086,1,1000,12249,2,500,12250,2,500,0,0,0,0,0,0,0,0,0,0,0,0,0,0,0,0,0,0,0,0,0,0,0,0,0,0,0,1,6,Gloves: Gloves of Iguje
4011,12250,2,95000,12250,3,2000,12250,4,1000,12086,1,1000,12381,2,500,12381,3,500,0,0,0,0,0,0,0,0,0,0,0,0,0,0,0,0,0,0,0,0,0,0,0,0,0,0,0,1,6,Gloves: Islamic Gloves
4012,12381,2,95000,12381,3,2000,12381,4,1000,12086,1,1000,12381,5,500,12086,1,500,0,0,0,0,0,0,0,0,0,0,0,0,0,0,0,0,0,0,0,0,0,0,0,0,0,0,0,1,6,Gloves: Venetian Gloves
5032,12243,2,95000,12243,3,2000,12243,4,1000,12083,1,1000,12244,2,500,12245,2,500,0,0,0,0,0,0,0,0,0,0,0,0,0,0,0,0,0,0,0,0,0,0,0,0,0,0,0,1,6,Shoes: Iron Boots
5033,12245,2,95000,12245,3,2000,12245,4,1000,12085,1,1000,12246,2,500,12247,2,500,0,0,0,0,0,0,0,0,0,0,0,0,0,0,0,0,0,0,0,0,0,0,0,0,0,0,0,1,6,Shoes: Trunket Boots
5034,12247,2,95000,12247,3,2000,12247,4,1000,12086,1,1000,12248,2,500,12249,2,500,0,0,0,0,0,0,0,0,0,0,0,0,0,0,0,0,0,0,0,0,0,0,0,0,0,0,0,1,6,Shoes: Chrome Boots
5035,12249,2,95000,12249,3,2000,12249,4,1000,12086,1,1000,12250,2,500,12381,2,500,0,0,0,0,0,0,0,0,0,0,0,0,0,0,0,0,0,0,0,0,0,0,0,0,0,0,0,1,6,Shoes: Mighty Boots
5036,12250,2,95000,12250,3,2000,12250,4,1000,12086,1,1000,12381,2,500,12381,3,500,0,0,0,0,0,0,0,0,0,0,0,0,0,0,0,0,0,0,0,0,0,0,0,0,0,0,0,1,6,Shoes: Kurash Boots
5037,12381,2,95000,12381,3,2000,12381,4,1000,12086,1,1000,12381,5,500,12086,1,500,0,0,0,0,0,0,0,0,0,0,0,0,0,0,0,0,0,0,0,0,0,0,0,0,0,0,0,1,6,Shoes: Plate Boots
5042,12382,2,95000,12382,3,200,12382,4,1000,12086,1,1000,12382,5,500,12086,1,500,0,0,0,0,0,0,0,0,0,0,0,0,0,0,0,0,0,0,0,0,0,0,0,0,0,0,0,1,6,Shoes: Righteous Plate Boots
5092,12243,2,95000,12243,3,2000,12243,4,1000,12083,1,1000,12244,2,500,12245,2,500,0,0,0,0,0,0,0,0,0,0,0,0,0,0,0,0,0,0,0,0,0,0,0,0,0,0,0,1,6,Shoes: Criker Boots
5093,12245,2,95000,12245,3,2000,12245,4,1000,12085,1,1000,12246,2,500,12247,2,500,0,0,0,0,0,0,0,0,0,0,0,0,0,0,0,0,0,0,0,0,0,0,0,0,0,0,0,1,6,Shoes: Ranger Boots
5094,12247,2,95000,12247,3,2000,12247,4,1000,12086,1,1000,12248,2,500,12249,2,500,0,0,0,0,0,0,0,0,0,0,0,0,0,0,0,0,0,0,0,0,0,0,0,0,0,0,0,1,6,Shoes:  Pirate Boots
5095,12249,2,95000,12249,3,2000,12249,4,1000,12086,1,1000,12250,2,500,12381,2,500,0,0,0,0,0,0,0,0,0,0,0,0,0,0,0,0,0,0,0,0,0,0,0,0,0,0,0,1,6,Shoes: Mariner's Boots
5096,12250,2,95000,12250,3,2000,12250,4,1000,12086,1,1000,12381,2,500,12381,3,500,0,0,0,0,0,0,0,0,0,0,0,0,0,0,0,0,0,0,0,0,0,0,0,0,0,0,0,1,6,Shoes: Jaguar Boots
5097,12381,2,95000,12381,3,2000,12381,4,1000,12086,1,1000,12381,5,500,12086,1,500,0,0,0,0,0,0,0,0,0,0,0,0,0,0,0,0,0,0,0,0,0,0,0,0,0,0,0,1,6,Shoes: Wild Hawker Boots
5102,12382,2,95000,12382,3,2000,12382,4,1000,12086,1,1000,12381,5,500,12086,1,500,0,0,0,0,0,0,0,0,0,0,0,0,0,0,0,0,0,0,0,0,0,0,0,0,0,0,0,1,6,Shoes: Netherworld Boots
5062,12243,2,95000,12243,3,2000,12243,4,1000,12083,1,1000,12244,2,500,12245,2,500,0,0,0,0,0,0,0,0,0,0,0,0,0,0,0,0,0,0,0,0,0,0,0,0,0,0,0,1,6,Shoes: Green Sandals of Witch
5063,12245,2,95000,12245,3,2000,12245,4,1000,12085,1,1000,12246,2,500,12247,2,500,0,0,0,0,0,0,0,0,0,0,0,0,0,0,0,0,0,0,0,0,0,0,0,0,0,0,0,1,6,Shoes: Purple Sandals of Witch
5064,12247,2,95000,12247,3,2000,12247,4,1000,12086,1,1000,12248,2,500,12249,2,500,0,0,0,0,0,0,0,0,0,0,0,0,0,0,0,0,0,0,0,0,0,0,0,0,0,0,0,1,6,Shoes: Violet Boots
5065,12249,2,95000,12249,3,2000,12249,4,1000,12086,1,1000,12250,2,500,12381,2,500,0,0,0,0,0,0,0,0,0,0,0,0,0,0,0,0,0,0,0,0,0,0,0,0,0,0,0,1,6,Shoes: Boots of Shadow
5066,12250,2,95000,12250,3,2000,12250,4,1000,12086,1,1000,12381,2,500,12381,3,500,0,0,0,0,0,0,0,0,0,0,0,0,0,0,0,0,0,0,0,0,0,0,0,0,0,0,0,1,6,Shoes: Velvet Boots of Witch
5067,12381,2,95000,12381,3,2000,12381,4,1000,12086,1,1000,12381,5,500,12086,1,500,0,0,0,0,0,0,0,0,0,0,0,0,0,0,0,0,0,0,0,0,0,0,0,0,0,0,0,1,6,Shoes: Heaven's Shoes
5072,12382,2,95000,12381,3,2000,12382,4,1000,12086,1,1000,12382,5,500,12086,1,500,0,0,0,0,0,0,0,0,0,0,0,0,0,0,0,0,0,0,0,0,0,0,0,0,0,0,0,1,6,Shoes: Archmage Shoes
5122,12243,2,95000,12243,3,2000,12243,4,1000,12083,1,1000,12244,2,500,12245,2,500,0,0,0,0,0,0,0,0,0,0,0,0,0,0,0,0,0,0,0,0,0,0,0,0,0,0,0,1,6,Shoes: Vibe Shoes
5123,12245,2,95000,12245,3,2000,12245,4,1000,12085,1,1000,12246,2,500,12247,2,500,0,0,0,0,0,0,0,0,0,0,0,0,0,0,0,0,0,0,0,0,0,0,0,0,0,0,0,1,6,Shoes: Tamiya Shoes
5124,12247,2,95000,12247,3,2000,12247,4,1000,12086,1,1000,12248,2,500,12249,2,500,0,0,0,0,0,0,0,0,0,0,0,0,0,0,0,0,0,0,0,0,0,0,0,0,0,0,0,1,6,Shoes: Semiya Shoes
5125,12249,2,95000,12249,3,2000,12249,4,1000,12086,1,1000,12250,2,500,12381,2,500,0,0,0,0,0,0,0,0,0,0,0,0,0,0,0,0,0,0,0,0,0,0,0,0,0,0,0,1,6,Shoes: Merchant Boots
5126,12250,2,95000,12250,3,2000,12250,4,1000,12086,1,1000,12381,2,500,12381,3,500,0,0,0,0,0,0,0,0,0,0,0,0,0,0,0,0,0,0,0,0,0,0,0,0,0,0,0,1,6,Shoes: Rich Merchant Boots
5127,12381,2,95000,12381,3,2000,12381,4,1000,12086,1,1000,12381,5,500,12086,1,500,0,0,0,0,0,0,0,0,0,0,0,0,0,0,0,0,0,0,0,0,0,0,0,0,0,0,0,1,6,Shoes: Redfield Chairman Shoes
5132,12382,2,95000,12382,3,2000,12382,4,1000,12086,1,1000,12382,5,500,12086,1,500,0,0,0,0,0,0,0,0,0,0,0,0,0,0,0,0,0,0,0,0,0,0,0,0,0,0,0,1,6,Shoes: Noble Lord Shoes
5007,12242,2,95000,12242,3,2000,12242,4,1000,12082,1,1000,12243,2,500,12244,2,500,0,0,0,0,0,0,0,0,0,0,0,0,0,0,0,0,0,0,0,0,0,0,0,0,0,0,0,1,6,Shoes: Islamic Shoes
5008,12244,2,95000,12244,3,2000,12244,4,1000,12084,1,1000,12245,2,500,12246,2,500,0,0,0,0,0,0,0,0,0,0,0,0,0,0,0,0,0,0,0,0,0,0,0,0,0,0,0,1,6,Shoes: Field Walkers
5009,12246,2,95000,12246,3,2000,12246,4,1000,12086,1,1000,12247,2,500,12248,2,500,0,0,0,0,0,0,0,0,0,0,0,0,0,0,0,0,0,0,0,0,0,0,0,0,0,0,0,1,6,Shoes: Wild Walkers
5010,12248,2,95000,12248,3,2000,12248,4,1000,12086,1,1000,12249,2,500,12250,2,500,0,0,0,0,0,0,0,0,0,0,0,0,0,0,0,0,0,0,0,0,0,0,0,0,0,0,0,1,6,Shoes: Land Walkers
5011,12250,2,95000,12250,3,2000,12250,4,1000,12086,1,1000,12381,2,500,12381,3,500,0,0,0,0,0,0,0,0,0,0,0,0,0,0,0,0,0,0,0,0,0,0,0,0,0,0,0,1,6,Shoes: Earth Walkers
5012,12381,2,95000,12381,3,2000,12381,4,1000,12086,1,1000,12381,5,500,12086,1,500,0,0,0,0,0,0,0,0,0,0,0,0,0,0,0,0,0,0,0,0,0,0,0,0,0,0,0,1,6,Shoes: Marble Shoes
8004,12242,6,95000,12242,9,2000,12242,12,1000,12072,1,1000,12243,6,500,12244,6,500,0,0,0,0,0,0,0,0,0,0,0,0,0,0,0,0,0,0,0,0,0,0,0,0,0,0,0,1,6,Sword: Khukuri
8005,12243,6,95000,12243,9,2000,12243,12,1000,12073,1,1000,12244,6,500,12245,6,500,0,0,0,0,0,0,0,0,0,0,0,0,0,0,0,0,0,0,0,0,0,0,0,0,0,0,0,1,6,Sword: Long Sword
8006,12244,6,95000,12244,9,2000,12244,12,1000,12074,1,1000,12245,6,500,12246,6,500,0,0,0,0,0,0,0,0,0,0,0,0,0,0,0,0,0,0,0,0,0,0,0,0,0,0,0,1,6,Sword: Bushido
8007,12245,6,95000,12245,9,2000,12245,12,1000,12075,1,1000,12246,6,500,12247,6,500,0,0,0,0,0,0,0,0,0,0,0,0,0,0,0,0,0,0,0,0,0,0,0,0,0,0,0,1,6,Sword: Saber
8008,12246,6,95000,12246,9,2000,12246,12,1000,12076,1,1000,12247,6,500,12248,6,500,0,0,0,0,0,0,0,0,0,0,0,0,0,0,0,0,0,0,0,0,0,0,0,0,0,0,0,1,6,Sword: Elven Sword
8009,12247,6,95000,12247,9,2000,12247,12,1000,12076,1,1000,12248,6,500,12249,6,500,0,0,0,0,0,0,0,0,0,0,0,0,0,0,0,0,0,0,0,0,0,0,0,0,0,0,0,1,6,Sword: Squid Sword
8010,12248,6,95000,12248,9,2000,12248,12,1000,12076,1,1000,12249,6,500,12250,6,500,0,0,0,0,0,0,0,0,0,0,0,0,0,0,0,0,0,0,0,0,0,0,0,0,0,0,0,1,6,Sword: Shark Blade
8011,12249,6,95000,12249,9,2000,12249,12,1000,12076,1,1000,12250,6,500,12381,6,500,0,0,0,0,0,0,0,0,0,0,0,0,0,0,0,0,0,0,0,0,0,0,0,0,0,0,0,1,6,Sword: Viking Sword
8012,12250,6,95000,12250,9,2000,12250,12,1000,12076,1,1000,12381,6,500,12382,6,500,0,0,0,0,0,0,0,0,0,0,0,0,0,0,0,0,0,0,0,0,0,0,0,0,0,0,0,1,6,Sword: Blood Sword
8013,12381,6,95000,12381,9,2000,12381,12,1000,12076,1,1000,12382,6,500,12383,6,500,0,0,0,0,0,0,0,0,0,0,0,0,0,0,0,0,0,0,0,0,0,0,0,0,0,0,0,1,6,Sword: Katana
8014,12382,6,95000,12382,9,2000,12382,12,1000,12076,1,1000,12382,6,500,12384,6,500,0,0,0,0,0,0,0,0,0,0,0,0,0,0,0,0,0,0,0,0,0,0,0,0,0,0,0,1,6,Sword: Ice Sword
8015,12383,6,95000,12383,9,2000,12383,12,1000,12076,1,1000,12384,6,500,12385,6,500,0,0,0,0,0,0,0,0,0,0,0,0,0,0,0,0,0,0,0,0,0,0,0,0,0,0,0,1,6,Sword: Flare Sword
8016,12384,6,95000,12384,9,2000,12384,12,1000,12076,1,1000,12383,6,500,12386,6,500,0,0,0,0,0,0,0,0,0,0,0,0,0,0,0,0,0,0,0,0,0,0,0,0,0,0,0,1,6,Sword: Lord Black Sun Sword
8017,12385,6,95000,12385,9,2000,12385,12,1000,12076,1,1000,12386,6,500,12387,6,500,0,0,0,0,0,0,0,0,0,0,0,0,0,0,0,0,0,0,0,0,0,0,0,0,0,0,0,1,6,Sword: Flamboyant
8018,12386,6,95000,12386,9,2000,12386,12,1000,12076,1,1000,12384,6,500,12388,6,500,0,0,0,0,0,0,0,0,0,0,0,0,0,0,0,0,0,0,0,0,0,0,0,0,0,0,0,1,6,Sword: Righteous Sword
8019,12387,6,95000,12387,9,2000,12387,12,1000,12076,1,1000,12388,6,500,12389,6,500,0,0,0,0,0,0,0,0,0,0,0,0,0,0,0,0,0,0,0,0,0,0,0,0,0,0,0,1,6,Sword: Black Shamshir
8020,12388,6,95000,12388,9,2000,12388,12,1000,12076,1,1000,12385,6,500,12390,6,500,0,0,0,0,0,0,0,0,0,0,0,0,0,0,0,0,0,0,0,0,0,0,0,0,0,0,0,1,6,Sword: Death Bringer
8021,12389,6,95000,12389,9,2000,12389,12,1000,12076,1,1000,12390,6,500,12390,6,500,0,0,0,0,0,0,0,0,0,0,0,0,0,0,0,0,0,0,0,0,0,0,0,0,0,0,0,1,6,Sword: Death Expeller
8103,12243,7,95000,12243,11,2000,12243,14,1000,12073,1,1000,12244,7,500,12245,7,500,0,0,0,0,0,0,0,0,0,0,0,0,0,0,0,0,0,0,0,0,0,0,0,0,0,0,0,1,6,Sword: Sword of Hardship
8104,12244,7,95000,12244,11,2000,12244,14,1000,12074,1,1000,12245,7,500,12246,7,500,0,0,0,0,0,0,0,0,0,0,0,0,0,0,0,0,0,0,0,0,0,0,0,0,0,0,0,1,6,Sword: Cutter Edge
8105,12245,7,95000,12245,11,2000,12245,14,1000,12075,1,1000,12246,7,500,12247,7,500,0,0,0,0,0,0,0,0,0,0,0,0,0,0,0,0,0,0,0,0,0,0,0,0,0,0,0,1,6,Sword: Surado
8106,12246,7,95000,12246,11,2000,12246,14,1000,12076,1,1000,12247,7,500,12248,7,500,0,0,0,0,0,0,0,0,0,0,0,0,0,0,0,0,0,0,0,0,0,0,0,0,0,0,0,1,6,Sword: Bull Sword
8107,12247,7,95000,12247,11,2000,12247,14,1000,12076,1,1000,12248,7,500,12249,7,500,0,0,0,0,0,0,0,0,0,0,0,0,0,0,0,0,0,0,0,0,0,0,0,0,0,0,0,1,6,Sword: Two-Handed Sword
8108,12248,7,95000,12248,11,2000,12248,14,1000,12076,1,1000,12249,7,500,12250,7,500,0,0,0,0,0,0,0,0,0,0,0,0,0,0,0,0,0,0,0,0,0,0,0,0,0,0,0,1,6,Sword: After Blade
8109,12249,7,95000,12249,11,2000,12249,14,1000,12076,1,1000,12250,7,500,12381,7,500,0,0,0,0,0,0,0,0,0,0,0,0,0,0,0,0,0,0,0,0,0,0,0,0,0,0,0,1,6,Sword: Executioner 
8110,12250,7,95000,12250,11,2000,12250,14,1000,12076,1,1000,12381,7,500,12382,7,500,0,0,0,0,0,0,0,0,0,0,0,0,0,0,0,0,0,0,0,0,0,0,0,0,0,0,0,1,6,Sword: Bastard Sword
8111,12381,7,95000,12381,11,2000,12381,14,1000,12076,1,1000,12382,7,500,12383,7,500,0,0,0,0,0,0,0,0,0,0,0,0,0,0,0,0,0,0,0,0,0,0,0,0,0,0,0,1,6,Sword: Claymore
8112,12382,7,95000,12382,11,2000,12382,14,1000,12076,1,1000,12383,7,500,12384,7,500,0,0,0,0,0,0,0,0,0,0,0,0,0,0,0,0,0,0,0,0,0,0,0,0,0,0,0,1,6,Sword: Flamberge
8113,12383,7,95000,12383,11,2000,12383,14,1000,12076,1,1000,12384,7,500,12385,7,500,0,0,0,0,0,0,0,0,0,0,0,0,0,0,0,0,0,0,0,0,0,0,0,0,0,0,0,1,6,Sword: Dragon Sword
8114,12384,7,95000,12384,11,2000,12384,14,1000,12076,1,1000,12384,7,500,12386,7,500,0,0,0,0,0,0,0,0,0,0,0,0,0,0,0,0,0,0,0,0,0,0,0,0,0,0,0,1,6,Sword: Heroic Sword
8115,12385,7,95000,12385,11,2000,12385,14,1000,12076,1,1000,12386,7,500,12387,7,500,0,0,0,0,0,0,0,0,0,0,0,0,0,0,0,0,0,0,0,0,0,0,0,0,0,0,0,1,6,Sword: Great Sword
8116,12386,7,95000,12386,11,2000,12386,14,1000,12076,1,1000,12385,7,500,12388,7,500,0,0,0,0,0,0,0,0,0,0,0,0,0,0,0,0,0,0,0,0,0,0,0,0,0,0,0,1,6,Sword: Giant Sword
8117,12387,7,95000,12387,11,2000,12387,14,1000,12076,1,1000,12388,7,500,12389,7,500,0,0,0,0,0,0,0,0,0,0,0,0,0,0,0,0,0,0,0,0,0,0,0,0,0,0,0,1,6,Sword: Shion's Guardian
8118,12388,7,95000,12388,11,2000,12388,14,1000,12076,1,1000,12386,7,500,12390,7,500,0,0,0,0,0,0,0,0,0,0,0,0,0,0,0,0,0,0,0,0,0,0,0,0,0,0,0,1,6,Sword: Sacred Hander
8119,12389,7,95000,12389,11,2000,12389,14,1000,12076,1,1000,12390,7,500,12390,7,500,0,0,0,0,0,0,0,0,0,0,0,0,0,0,0,0,0,0,0,0,0,0,0,0,0,0,0,1,6,Sword: Explosion Hander
8033,12242,7,95000,12242,11,2000,12242,14,1000,12072,1,1000,12243,7,500,12244,7,500,0,0,0,0,0,0,0,0,0,0,0,0,0,0,0,0,0,0,0,0,0,0,0,0,0,0,0,1,6,Mace:  Buffoon Mace
8034,12243,7,95000,12243,11,2000,12243,14,1000,12073,1,1000,12244,7,500,12245,7,500,0,0,0,0,0,0,0,0,0,0,0,0,0,0,0,0,0,0,0,0,0,0,0,0,0,0,0,1,6,Mace: Ogre Mace
8035,12244,7,95000,12244,11,2000,12244,14,1000,12074,1,1000,12245,7,500,12246,7,500,0,0,0,0,0,0,0,0,0,0,0,0,0,0,0,0,0,0,0,0,0,0,0,0,0,0,0,1,6,Mace: Onion Mace
8036,12245,7,95000,12245,11,2000,12245,14,1000,12075,1,1000,12246,7,500,12247,7,500,0,0,0,0,0,0,0,0,0,0,0,0,0,0,0,0,0,0,0,0,0,0,0,0,0,0,0,1,6,Mace: Ghost Bat
8037,12246,7,95000,12246,11,2000,12246,14,1000,12076,1,1000,12247,7,500,12248,7,500,0,0,0,0,0,0,0,0,0,0,0,0,0,0,0,0,0,0,0,0,0,0,0,0,0,0,0,1,6,Mace: Stone Hammer
8038,12247,7,95000,12247,11,2000,12247,14,1000,12076,1,1000,12248,7,500,12249,7,500,0,0,0,0,0,0,0,0,0,0,0,0,0,0,0,0,0,0,0,0,0,0,0,0,0,0,0,1,6,Mace: Skeleton Hammer
8039,12248,7,95000,12248,11,2000,12248,14,1000,12076,1,1000,12249,7,500,12250,7,500,0,0,0,0,0,0,0,0,0,0,0,0,0,0,0,0,0,0,0,0,0,0,0,0,0,0,0,1,6,Mace: Ice Hammer
8040,12249,7,95000,12249,11,2000,12249,14,1000,12076,1,1000,12250,7,500,12381,7,500,0,0,0,0,0,0,0,0,0,0,0,0,0,0,0,0,0,0,0,0,0,0,0,0,0,0,0,1,6,Mace: Morning Star
8041,12250,7,95000,12250,11,2000,12250,14,1000,12076,1,1000,12381,7,500,12382,7,500,0,0,0,0,0,0,0,0,0,0,0,0,0,0,0,0,0,0,0,0,0,0,0,0,0,0,0,1,6,Mace: Pony Hammer
8042,12381,7,95000,12381,11,2000,12381,14,1000,12076,1,1000,12382,7,500,12383,7,500,0,0,0,0,0,0,0,0,0,0,0,0,0,0,0,0,0,0,0,0,0,0,0,0,0,0,0,1,6,Mace: Blood Mace
8043,12382,7,95000,12382,11,2000,12382,14,1000,12076,1,1000,12383,7,500,12384,7,500,0,0,0,0,0,0,0,0,0,0,0,0,0,0,0,0,0,0,0,0,0,0,0,0,0,0,0,1,6,Mace: Scorpion Club
8044,12383,7,95000,12383,11,2000,12383,14,1000,12076,1,1000,12384,7,500,12385,7,500,0,0,0,0,0,0,0,0,0,0,0,0,0,0,0,0,0,0,0,0,0,0,0,0,0,0,0,1,6,Mace: Battle Mace
8045,12384,7,95000,12384,11,2000,12384,14,1000,12076,1,1000,12385,7,500,12386,7,500,0,0,0,0,0,0,0,0,0,0,0,0,0,0,0,0,0,0,0,0,0,0,0,0,0,0,0,1,6,Mace: Great Hammer
8046,12385,7,95000,12385,11,2000,12385,14,1000,12076,1,1000,12386,7,500,12387,7,500,0,0,0,0,0,0,0,0,0,0,0,0,0,0,0,0,0,0,0,0,0,0,0,0,0,0,0,1,6,Mace: Forest Hammer
8047,12386,7,95000,12386,11,2000,12386,14,1000,12076,1,1000,12387,7,500,12388,7,500,0,0,0,0,0,0,0,0,0,0,0,0,0,0,0,0,0,0,0,0,0,0,0,0,0,0,0,1,6,Mace: Labor Hammer
8048,12387,7,95000,12387,11,2000,12387,14,1000,12076,1,1000,12388,7,500,12389,7,500,0,0,0,0,0,0,0,0,0,0,0,0,0,0,0,0,0,0,0,0,0,0,0,0,0,0,0,1,6,Mace: Nirvana Hammer
8049,12388,7,95000,12388,11,2000,12388,14,1000,12076,1,1000,12389,7,500,12390,7,500,0,0,0,0,0,0,0,0,0,0,0,0,0,0,0,0,0,0,0,0,0,0,0,0,0,0,0,1,6,Mace: Doom Hammer
8050,12389,7,95000,12389,11,2000,12389,14,1000,12076,1,1000,12390,7,500,12390,7,500,0,0,0,0,0,0,0,0,0,0,0,0,0,0,0,0,0,0,0,0,0,0,0,0,0,0,0,1,6,Mace: Final Hammer
8132,12242,9,95000,12242,14,2000,12242,18,1000,12072,1,1000,12243,9,500,12244,9,500,0,0,0,0,0,0,0,0,0,0,0,0,0,0,0,0,0,0,0,0,0,0,0,0,0,0,0,1,6,Mace: Small Axe
8133,12243,9,95000,12243,14,2000,12243,18,1000,12073,1,1000,12244,9,500,12245,9,500,0,0,0,0,0,0,0,0,0,0,0,0,0,0,0,0,0,0,0,0,0,0,0,0,0,0,0,1,6,Mace: Battle Axe
8134,12244,9,95000,12244,14,2000,12244,18,1000,12074,1,1000,12245,9,500,12246,9,500,0,0,0,0,0,0,0,0,0,0,0,0,0,0,0,0,0,0,0,0,0,0,0,0,0,0,0,1,6,Mace: Tomahawk
8135,12245,9,95000,12245,14,2000,12245,18,1000,12075,1,1000,12246,9,500,12247,9,500,0,0,0,0,0,0,0,0,0,0,0,0,0,0,0,0,0,0,0,0,0,0,0,0,0,0,0,1,6,Mace: Orc Axe
8136,12246,9,95000,12246,14,2000,12246,18,1000,12076,1,1000,12247,9,500,12248,9,500,0,0,0,0,0,0,0,0,0,0,0,0,0,0,0,0,0,0,0,0,0,0,0,0,0,0,0,1,6,Mace: Tower Axe
8137,12247,9,95000,12247,14,2000,12247,18,1000,12076,1,1000,12248,9,500,12249,9,500,0,0,0,0,0,0,0,0,0,0,0,0,0,0,0,0,0,0,0,0,0,0,0,0,0,0,0,1,6,Mace: Cross Axe
8138,12248,9,95000,12248,14,2000,12248,18,1000,12076,1,1000,12249,9,500,12250,9,500,0,0,0,0,0,0,0,0,0,0,0,0,0,0,0,0,0,0,0,0,0,0,0,0,0,0,0,1,6,Mace: Silver Axe
8139,12249,9,95000,12249,14,2000,12249,18,1000,12076,1,1000,12250,9,500,12381,9,500,0,0,0,0,0,0,0,0,0,0,0,0,0,0,0,0,0,0,0,0,0,0,0,0,0,0,0,1,6,Mace: Golden Axe
8140,12250,9,95000,12250,14,2000,12250,18,1000,12076,1,1000,12381,9,500,12382,9,500,0,0,0,0,0,0,0,0,0,0,0,0,0,0,0,0,0,0,0,0,0,0,0,0,0,0,0,1,6,Mace: Great Axe
8141,12381,9,95000,12381,14,2000,12381,18,1000,12076,1,1000,12382,9,500,12383,9,500,0,0,0,0,0,0,0,0,0,0,0,0,0,0,0,0,0,0,0,0,0,0,0,0,0,0,0,1,6,Mace: Ice Axe
8142,12382,9,95000,12382,14,2000,12382,18,1000,12076,1,1000,12383,9,500,12384,9,500,0,0,0,0,0,0,0,0,0,0,0,0,0,0,0,0,0,0,0,0,0,0,0,0,0,0,0,1,6,Mace: Flame Axe
8143,12383,9,95000,12383,14,2000,12383,18,1000,12076,1,1000,12384,9,500,12385,9,500,0,0,0,0,0,0,0,0,0,0,0,0,0,0,0,0,0,0,0,0,0,0,0,0,0,0,0,1,6,Mace: Earthquake
8144,12384,9,95000,12384,14,2000,12384,18,1000,12076,1,1000,12385,9,500,12386,9,500,0,0,0,0,0,0,0,0,0,0,0,0,0,0,0,0,0,0,0,0,0,0,0,0,0,0,0,1,6,Mace: Bloody Axe
8145,12385,9,95000,12385,14,2000,12385,18,1000,12076,1,1000,12386,9,500,12387,9,500,0,0,0,0,0,0,0,0,0,0,0,0,0,0,0,0,0,0,0,0,0,0,0,0,0,0,0,1,6,Mace: Collapse Axe
8146,12386,9,95000,12386,14,2000,12386,18,1000,12076,1,1000,12387,9,500,12388,9,500,0,0,0,0,0,0,0,0,0,0,0,0,0,0,0,0,0,0,0,0,0,0,0,0,0,0,0,1,6,Mace: Adamantium Axe
8147,12387,9,95000,12387,14,2000,12387,18,1000,12076,1,1000,12388,9,500,12389,9,500,0,0,0,0,0,0,0,0,0,0,0,0,0,0,0,0,0,0,0,0,0,0,0,0,0,0,0,1,6,Mace: Titan Axe
8148,12388,9,95000,12388,14,2000,12388,18,1000,12076,1,1000,12389,9,500,12390,9,500,0,0,0,0,0,0,0,0,0,0,0,0,0,0,0,0,0,0,0,0,0,0,0,0,0,0,0,1,6,Mace: Behead Axe
8163,12242,8,95000,12242,12,2000,12242,16,1000,12072,1,1000,12243,8,500,12244,8,500,0,0,0,0,0,0,0,0,0,0,0,0,0,0,0,0,0,0,0,0,0,0,0,0,0,0,0,1,6,Mace: Round Spear
8164,12243,8,95000,12243,12,2000,12243,16,1000,12073,1,1000,12244,8,500,12245,8,500,0,0,0,0,0,0,0,0,0,0,0,0,0,0,0,0,0,0,0,0,0,0,0,0,0,0,0,1,6,Mace: Scimitar
8165,12244,8,95000,12244,12,2000,12244,16,1000,12074,1,1000,12245,8,500,12246,8,500,0,0,0,0,0,0,0,0,0,0,0,0,0,0,0,0,0,0,0,0,0,0,0,0,0,0,0,1,6,Mace: Bardiche
8166,12245,8,95000,12245,12,2000,12245,16,1000,12075,1,1000,12246,8,500,12247,8,500,0,0,0,0,0,0,0,0,0,0,0,0,0,0,0,0,0,0,0,0,0,0,0,0,0,0,0,1,6,Mace: Iron Spear
8167,12246,8,95000,12246,12,2000,12246,16,1000,12076,1,1000,12247,8,500,12248,8,500,0,0,0,0,0,0,0,0,0,0,0,0,0,0,0,0,0,0,0,0,0,0,0,0,0,0,0,1,6,Mace: Trident
8168,12247,8,95000,12247,12,2000,12247,16,1000,12076,1,1000,12248,8,500,12249,8,500,0,0,0,0,0,0,0,0,0,0,0,0,0,0,0,0,0,0,0,0,0,0,0,0,0,0,0,1,6,Mace: Death Spear
8169,12248,8,95000,12248,12,2000,12248,16,1000,12076,1,1000,12249,8,500,12250,8,500,0,0,0,0,0,0,0,0,0,0,0,0,0,0,0,0,0,0,0,0,0,0,0,0,0,0,0,1,6,Mace: Halberd
8170,12249,8,95000,12249,12,2000,12249,16,1000,12076,1,1000,12250,8,500,12381,8,500,0,0,0,0,0,0,0,0,0,0,0,0,0,0,0,0,0,0,0,0,0,0,0,0,0,0,0,1,6,Mace: Lightning Spear
8171,12250,8,95000,12250,12,2000,12250,16,1000,12076,1,1000,12381,8,500,12382,8,500,0,0,0,0,0,0,0,0,0,0,0,0,0,0,0,0,0,0,0,0,0,0,0,0,0,0,0,1,6,Mace: Shining Spear
8172,12381,8,95000,12381,12,2000,12381,16,1000,12076,1,1000,12382,8,500,12383,8,500,0,0,0,0,0,0,0,0,0,0,0,0,0,0,0,0,0,0,0,0,0,0,0,0,0,0,0,1,6,Mace: Chaos Spear
8173,12382,8,95000,12382,12,2000,12382,16,1000,12076,1,1000,12383,8,500,12384,8,500,0,0,0,0,0,0,0,0,0,0,0,0,0,0,0,0,0,0,0,0,0,0,0,0,0,0,0,1,6,Mace: Gungnir 
8174,12383,8,95000,12383,12,2000,12383,16,1000,12076,1,1000,12384,8,500,12385,8,500,0,0,0,0,0,0,0,0,0,0,0,0,0,0,0,0,0,0,0,0,0,0,0,0,0,0,0,1,6,Mace: Oriental Spear
8175,12384,8,95000,12384,12,2000,12384,16,1000,12076,1,1000,12385,8,500,12386,8,500,0,0,0,0,0,0,0,0,0,0,0,0,0,0,0,0,0,0,0,0,0,0,0,0,0,0,0,1,6,Mace: Dragon Spear
8176,12385,8,95000,12385,12,2000,12385,16,1000,12076,1,1000,12386,8,500,12387,8,500,0,0,0,0,0,0,0,0,0,0,0,0,0,0,0,0,0,0,0,0,0,0,0,0,0,0,0,1,6,Mace: Dagan Spear
8177,12386,8,95000,12386,12,2000,12386,16,1000,12076,1,1000,12387,8,500,12388,8,500,0,0,0,0,0,0,0,0,0,0,0,0,0,0,0,0,0,0,0,0,0,0,0,0,0,0,0,1,6,Mace: Longinus Spear
8178,12387,8,95000,12387,12,2000,12387,16,1000,12076,1,1000,12388,8,500,12389,8,500,0,0,0,0,0,0,0,0,0,0,0,0,0,0,0,0,0,0,0,0,0,0,0,0,0,0,0,1,6,Mace: Nimrodpiece
8179,12388,8,95000,12388,12,2000,12388,16,1000,12076,1,1000,12389,8,500,12390,8,500,0,0,0,0,0,0,0,0,0,0,0,0,0,0,0,0,0,0,0,0,0,0,0,0,0,0,0,1,6,Mace: Fury Spantun
8180,12389,8,95000,12389,12,2000,12389,16,1000,12076,1,1000,12390,8,500,12390,8,500,0,0,0,0,0,0,0,0,0,0,0,0,0,0,0,0,0,0,0,0,0,0,0,0,0,0,0,1,6,Mace: Punisher Drill
8203,12242,7,95000,12242,11,2000,12242,14,1000,12072,1,1000,12243,7,500,12244,7,500,0,0,0,0,0,0,0,0,0,0,0,0,0,0,0,0,0,0,0,0,0,0,0,0,0,0,0,1,6,Bow/Gun: Long Bow
8204,12243,7,95000,12243,11,2000,12243,14,1000,12073,1,1000,12244,7,500,12245,7,500,0,0,0,0,0,0,0,0,0,0,0,0,0,0,0,0,0,0,0,0,0,0,0,0,0,0,0,1,6,Bow/Gun: Orc Bow
8205,12244,7,95000,12244,11,2000,12244,14,1000,12074,1,1000,12245,7,500,12246,7,500,0,0,0,0,0,0,0,0,0,0,0,0,0,0,0,0,0,0,0,0,0,0,0,0,0,0,0,1,6,Bow/Gun: White Wing Bow
8206,12245,7,95000,12245,11,2000,12245,14,1000,12075,1,1000,12246,7,500,12247,7,500,0,0,0,0,0,0,0,0,0,0,0,0,0,0,0,0,0,0,0,0,0,0,0,0,0,0,0,1,6,Bow/Gun: Elf Bow
8207,12246,7,95000,12246,11,2000,12246,14,1000,12076,1,1000,12247,7,500,12248,7,500,0,0,0,0,0,0,0,0,0,0,0,0,0,0,0,0,0,0,0,0,0,0,0,0,0,0,0,1,6,Bow/Gun: Iron Bow
8208,12247,7,95000,12247,11,2000,12247,14,1000,12076,1,1000,12248,7,500,12249,7,500,0,0,0,0,0,0,0,0,0,0,0,0,0,0,0,0,0,0,0,0,0,0,0,0,0,0,0,1,6,Bow/Gun: Maiya Bow
8209,12248,7,95000,12248,11,2000,12248,14,1000,12076,1,1000,12249,7,500,12250,7,500,0,0,0,0,0,0,0,0,0,0,0,0,0,0,0,0,0,0,0,0,0,0,0,0,0,0,0,1,6,Bow/Gun: Rider Bow
8210,12249,7,95000,12249,11,2000,12249,14,1000,12076,1,1000,12250,7,500,12381,7,500,0,0,0,0,0,0,0,0,0,0,0,0,0,0,0,0,0,0,0,0,0,0,0,0,0,0,0,1,6,Bow/Gun: Half-Elf Bow
8211,12250,7,95000,12250,11,2000,12250,14,1000,12076,1,1000,12381,7,500,12382,7,500,0,0,0,0,0,0,0,0,0,0,0,0,0,0,0,0,0,0,0,0,0,0,0,0,0,0,0,1,6,Bow/Gun: Mythril Bow
8212,12381,7,95000,12381,11,2000,12381,14,1000,12076,1,1000,12382,7,500,12383,7,500,0,0,0,0,0,0,0,0,0,0,0,0,0,0,0,0,0,0,0,0,0,0,0,0,0,0,0,1,6,Bow/Gun: Bow of East Archer
8213,12382,7,95000,12382,11,2000,12382,14,1000,12076,1,1000,12383,7,500,12384,7,500,0,0,0,0,0,0,0,0,0,0,0,0,0,0,0,0,0,0,0,0,0,0,0,0,0,0,0,1,6,Bow/Gun: Cupid Bow
8214,12383,7,95000,12383,11,2000,12383,14,1000,12076,1,1000,12384,7,500,12385,7,500,0,0,0,0,0,0,0,0,0,0,0,0,0,0,0,0,0,0,0,0,0,0,0,0,0,0,0,1,6,Bow/Gun: Bow of Wind Spirit
8215,12384,7,95000,12384,11,2000,12384,14,1000,12076,1,1000,12385,7,500,12386,7,500,0,0,0,0,0,0,0,0,0,0,0,0,0,0,0,0,0,0,0,0,0,0,0,0,0,0,0,1,6,Bow/Gun: Dual Stick Bow
8216,12385,7,95000,12385,11,2000,12385,14,1000,12076,1,1000,12386,7,500,12387,7,500,0,0,0,0,0,0,0,0,0,0,0,0,0,0,0,0,0,0,0,0,0,0,0,0,0,0,0,1,6,Bow/Gun: Mediator Bow
8217,12386,7,95000,12386,11,2000,12386,14,1000,12076,1,1000,12387,7,500,12388,7,500,0,0,0,0,0,0,0,0,0,0,0,0,0,0,0,0,0,0,0,0,0,0,0,0,0,0,0,1,6,Bow/Gun: Lynx Bow
8218,12387,7,95000,12387,11,2000,12387,14,1000,12076,1,1000,12388,7,500,12389,7,500,0,0,0,0,0,0,0,0,0,0,0,0,0,0,0,0,0,0,0,0,0,0,0,0,0,0,0,1,6,Bow/Gun: Bifenith Bow
8219,12388,7,95000,12388,11,2000,12388,14,1000,12076,1,1000,12389,7,500,12390,7,500,0,0,0,0,0,0,0,0,0,0,0,0,0,0,0,0,0,0,0,0,0,0,0,0,0,0,0,1,6,Bow/Gun: Zephyr Long Bow
8220,12389,7,95000,12389,11,2000,12389,14,1000,12076,1,1000,12390,7,500,12390,7,500,0,0,0,0,0,0,0,0,0,0,0,0,0,0,0,0,0,0,0,0,0,0,0,0,0,0,0,1,6,Bow/Gun: Six Stick Bow
8061,12244,8,95000,12244,12,2000,12244,16,1000,12074,1,1000,12245,8,500,12246,8,500,0,0,0,0,0,0,0,0,0,0,0,0,0,0,0,0,0,0,0,0,0,0,0,0,0,0,0,1,6,Bow/Gun: Simple Bow Gun
8062,12245,8,95000,12245,12,2000,12245,16,1000,12075,1,1000,12246,8,500,12247,8,500,0,0,0,0,0,0,0,0,0,0,0,0,0,0,0,0,0,0,0,0,0,0,0,0,0,0,0,1,6,Bow/Gun: Cutter Bow Gun
8063,12246,8,95000,12246,12,2000,12246,16,1000,12076,1,1000,12247,8,500,12248,8,500,0,0,0,0,0,0,0,0,0,0,0,0,0,0,0,0,0,0,0,0,0,0,0,0,0,0,0,1,6,Bow/Gun: Quick Bow Gun
8064,12247,8,95000,12247,12,2000,12247,16,1000,12076,1,1000,12248,8,500,12249,8,500,0,0,0,0,0,0,0,0,0,0,0,0,0,0,0,0,0,0,0,0,0,0,0,0,0,0,0,1,6,Bow/Gun: Crossbow Gun
8065,12248,8,95000,12248,12,2000,12248,16,1000,12076,1,1000,12249,8,500,12250,8,500,0,0,0,0,0,0,0,0,0,0,0,0,0,0,0,0,0,0,0,0,0,0,0,0,0,0,0,1,6,Bow/Gun: Poison Bow Gun
8066,12249,8,95000,12249,12,2000,12249,16,1000,12076,1,1000,12250,8,500,12381,8,500,0,0,0,0,0,0,0,0,0,0,0,0,0,0,0,0,0,0,0,0,0,0,0,0,0,0,0,1,6,Bow/Gun: Dark Bow Gun
8067,12250,8,95000,12250,12,2000,12250,16,1000,12076,1,1000,12381,8,500,12382,8,500,0,0,0,0,0,0,0,0,0,0,0,0,0,0,0,0,0,0,0,0,0,0,0,0,0,0,0,1,6,Bow/Gun: Elf Bow Gun
8068,12381,8,95000,12381,12,2000,12381,16,1000,12076,1,1000,12382,8,500,12383,8,500,0,0,0,0,0,0,0,0,0,0,0,0,0,0,0,0,0,0,0,0,0,0,0,0,0,0,0,1,6,Bow/Gun: Anima Bow Gun
8069,12382,8,95000,12382,12,2000,12382,16,1000,12076,1,1000,12383,8,500,12384,8,500,0,0,0,0,0,0,0,0,0,0,0,0,0,0,0,0,0,0,0,0,0,0,0,0,0,0,0,1,6,Bow/Gun: OverGear Bow Gun
8070,12383,8,95000,12383,12,2000,12383,16,1000,12076,1,1000,12384,8,500,12385,8,500,0,0,0,0,0,0,0,0,0,0,0,0,0,0,0,0,0,0,0,0,0,0,0,0,0,0,0,1,6,Bow/Gun: Steel Bow Gun
8071,12384,8,95000,12384,12,2000,12384,16,1000,12076,1,1000,12385,8,500,12386,8,500,0,0,0,0,0,0,0,0,0,0,0,0,0,0,0,0,0,0,0,0,0,0,0,0,0,0,0,1,6,Bow/Gun: Mythril Bow Gun
8232,12242,8,95000,12242,12,2000,12242,16,1000,12072,1,1000,12243,8,500,12244,8,500,0,0,0,0,0,0,0,0,0,0,0,0,0,0,0,0,0,0,0,0,0,0,0,0,0,0,0,1,6,Bow/Gun: Air Gun
8233,12243,8,95000,12243,12,2000,12243,16,1000,12073,1,1000,12244,8,500,12245,8,500,0,0,0,0,0,0,0,0,0,0,0,0,0,0,0,0,0,0,0,0,0,0,0,0,0,0,0,1,6,Bow/Gun: Gloria Gun
8234,12244,8,95000,12244,12,2000,12244,16,1000,12074,1,1000,12245,8,500,12246,8,500,0,0,0,0,0,0,0,0,0,0,0,0,0,0,0,0,0,0,0,0,0,0,0,0,0,0,0,1,6,Bow/Gun: Iron Rifle
8235,12245,8,95000,12245,12,2000,12245,16,1000,12075,1,1000,12246,8,500,12247,8,500,0,0,0,0,0,0,0,0,0,0,0,0,0,0,0,0,0,0,0,0,0,0,0,0,0,0,0,1,6,Bow/Gun: Iron Shotgun
8236,12246,8,95000,12246,12,2000,12246,16,1000,12076,1,1000,12247,8,500,12248,8,500,0,0,0,0,0,0,0,0,0,0,0,0,0,0,0,0,0,0,0,0,0,0,0,0,0,0,0,1,6,Bow/Gun: Sorden Gun
8237,12247,8,95000,12247,12,2000,12247,16,1000,12076,1,1000,12248,8,500,12249,8,500,0,0,0,0,0,0,0,0,0,0,0,0,0,0,0,0,0,0,0,0,0,0,0,0,0,0,0,1,6,Bow/Gun: Edge Gun
8238,12248,8,95000,12248,12,2000,12248,16,1000,12076,1,1000,12249,8,500,12250,8,500,0,0,0,0,0,0,0,0,0,0,0,0,0,0,0,0,0,0,0,0,0,0,0,0,0,0,0,1,6,Bow/Gun: Showdown Gun
8239,12249,8,95000,12249,12,2000,12249,16,1000,12076,1,1000,12250,8,500,12381,8,500,0,0,0,0,0,0,0,0,0,0,0,0,0,0,0,0,0,0,0,0,0,0,0,0,0,0,0,1,6,Bow/Gun: Beretta
8240,12250,8,95000,12250,12,2000,12250,16,1000,12076,1,1000,12381,8,500,12382,12,500,0,0,0,0,0,0,0,0,0,0,0,0,0,0,0,0,0,0,0,0,0,0,0,0,0,0,0,1,6,Bow/Gun: Sniper Gun
8241,12381,8,95000,12381,12,2000,12381,16,1000,12076,1,1000,12382,8,500,12383,20,500,0,0,0,0,0,0,0,0,0,0,0,0,0,0,0,0,0,0,0,0,0,0,0,0,0,0,0,1,6,Bow/Gun: Justice Cannon
8242,12382,8,95000,12382,12,2000,12382,16,1000,12076,1,1000,12383,20,500,12384,24,500,0,0,0,0,0,0,0,0,0,0,0,0,0,0,0,0,0,0,0,0,0,0,0,0,0,0,0,1,6,Bow/Gun: RP-911
8243,12383,8,95000,12383,12,2000,12383,16,1000,12076,1,1000,12384,20,500,12385,8,500,0,0,0,0,0,0,0,0,0,0,0,0,0,0,0,0,0,0,0,0,0,0,0,0,0,0,0,1,6,Bow/Gun: Piercing Gun
8244,12384,8,95000,12384,12,2000,12384,16,1000,12076,1,1000,12385,20,500,12386,8,500,0,0,0,0,0,0,0,0,0,0,0,0,0,0,0,0,0,0,0,0,0,0,0,0,0,0,0,1,6,Bow/Gun: Remington
8245,12385,8,95000,12385,12,2000,12385,16,1000,12076,1,1000,12386,20,500,12387,8,500,0,0,0,0,0,0,0,0,0,0,0,0,0,0,0,0,0,0,0,0,0,0,0,0,0,0,0,1,6,Bow/Gun: Brave Gun
8246,12386,8,95000,12386,12,2000,12386,16,1000,12076,1,1000,12387,20,500,12388,8,500,0,0,0,0,0,0,0,0,0,0,0,0,0,0,0,0,0,0,0,0,0,0,0,0,0,0,0,1,6,Bow/Gun: Bastard Gun
8247,12387,8,95000,12387,12,2000,12387,16,1000,12076,1,1000,12388,20,500,12389,8,500,0,0,0,0,0,0,0,0,0,0,0,0,0,0,0,0,0,0,0,0,0,0,0,0,0,0,0,1,6,Bow/Gun: Steam Shocker
8248,12388,8,95000,12388,12,2000,12388,16,1000,12076,1,1000,12389,20,500,12390,8,500,0,0,0,0,0,0,0,0,0,0,0,0,0,0,0,0,0,0,0,0,0,0,0,0,0,0,0,1,6,Bow/Gun: Shock Impact Gun
8249,12389,8,95000,12389,12,2000,12389,16,1000,12076,1,1000,12390,20,500,12390,8,500,0,0,0,0,0,0,0,0,0,0,0,0,0,0,0,0,0,0,0,0,0,0,0,0,0,0,0,1,6,Bow/Gun: White Night Gun
8261,12243,15,95000,12243,23,2000,12243,30,1000,12073,1,1000,12244,15,500,12245,15,500,0,0,0,0,0,0,0,0,0,0,0,0,0,0,0,0,0,0,0,0,0,0,0,0,0,0,0,1,6,Bow/Gun: Wooden Launcher
8262,12244,15,95000,12244,23,2000,12244,30,1000,12074,1,1000,12245,15,500,12246,15,500,0,0,0,0,0,0,0,0,0,0,0,0,0,0,0,0,0,0,0,0,0,0,0,0,0,0,0,1,6,Bow/Gun: Basic Launcher
8263,12245,15,95000,12245,23,2000,12245,30,1000,12075,1,1000,12246,15,500,12247,15,500,0,0,0,0,0,0,0,0,0,0,0,0,0,0,0,0,0,0,0,0,0,0,0,0,0,0,0,1,6,Bow/Gun: Hard Launcher
8264,12246,15,95000,12246,23,2000,12246,30,1000,12076,1,1000,12247,15,500,12248,15,500,0,0,0,0,0,0,0,0,0,0,0,0,0,0,0,0,0,0,0,0,0,0,0,0,0,0,0,1,6,Bow/Gun: Bronze Launcher
8265,12247,15,95000,12247,23,2000,12247,30,1000,12076,1,1000,12248,15,500,12249,15,500,0,0,0,0,0,0,0,0,0,0,0,0,0,0,0,0,0,0,0,0,0,0,0,0,0,0,0,1,6,Bow/Gun: Marble Launcher
8266,12248,15,95000,12248,23,2000,12248,30,1000,12076,1,1000,12249,15,500,12250,15,500,0,0,0,0,0,0,0,0,0,0,0,0,0,0,0,0,0,0,0,0,0,0,0,0,0,0,0,1,6,Bow/Gun: Orc Launcher
8267,12249,15,95000,12249,23,2000,12249,30,1000,12076,1,1000,12250,15,500,12381,15,500,0,0,0,0,0,0,0,0,0,0,0,0,0,0,0,0,0,0,0,0,0,0,0,0,0,0,0,1,6,Bow/Gun: Mythril Launcher
8268,12250,15,95000,12250,23,2000,12250,30,1000,12076,1,1000,12381,15,500,12382,15,500,0,0,0,0,0,0,0,0,0,0,0,0,0,0,0,0,0,0,0,0,0,0,0,0,0,0,0,1,6,Bow/Gun: Cross Launcher
8269,12381,15,95000,12381,23,2000,12381,30,1000,12076,1,1000,12382,15,500,12383,15,500,0,0,0,0,0,0,0,0,0,0,0,0,0,0,0,0,0,0,0,0,0,0,0,0,0,0,0,1,6,Bow/Gun: Burning Launcher
8270,12382,15,95000,12382,23,2000,12382,30,1000,12076,1,1000,12383,15,500,12384,15,500,0,0,0,0,0,0,0,0,0,0,0,0,0,0,0,0,0,0,0,0,0,0,0,0,0,0,0,1,6,Bow/Gun: Shadow Launcher
8271,12383,15,95000,12383,23,2000,12383,30,1000,12076,1,1000,12384,15,500,12385,15,500,0,0,0,0,0,0,0,0,0,0,0,0,0,0,0,0,0,0,0,0,0,0,0,0,0,0,0,1,6,Bow/Gun: Corsair Cannon
8272,12384,15,95000,12384,23,2000,12384,30,1000,12076,1,1000,12385,15,500,12386,15,500,0,0,0,0,0,0,0,0,0,0,0,0,0,0,0,0,0,0,0,0,0,0,0,0,0,0,0,1,6,Bow/Gun: Particle Cannon
8273,12385,15,95000,12385,23,2000,12385,30,1000,12076,1,1000,12386,15,500,12387,15,500,0,0,0,0,0,0,0,0,0,0,0,0,0,0,0,0,0,0,0,0,0,0,0,0,0,0,0,1,6,Bow/Gun: Mana Cannon
8274,12386,15,95000,12386,23,2000,12386,30,1000,12076,1,1000,12387,15,500,12388,15,500,0,0,0,0,0,0,0,0,0,0,0,0,0,0,0,0,0,0,0,0,0,0,0,0,0,0,0,1,6,Bow/Gun: Ferrell Cannon
8275,12387,15,95000,12387,23,2000,12387,30,1000,12076,1,1000,12388,15,500,12389,15,500,0,0,0,0,0,0,0,0,0,0,0,0,0,0,0,0,0,0,0,0,0,0,0,0,0,0,0,1,6,Bow/Gun: Spero Shooter
8276,12388,15,95000,12388,23,2000,12388,30,1000,12076,1,1000,12389,15,500,12390,15,500,0,0,0,0,0,0,0,0,0,0,0,0,0,0,0,0,0,0,0,0,0,0,0,0,0,0,0,1,6,Bow/Gun: Breakdown Cannon
8277,12389,15,95000,12389,23,2000,12389,30,1000,12076,1,1000,12390,15,500,12390,15,500,0,0,0,0,0,0,0,0,0,0,0,0,0,0,0,0,0,0,0,0,0,0,0,0,0,0,0,1,6,Bow/Gun: Reverse Cannon
8302,12242,9,95000,12242,14,2000,12242,18,1000,12072,1,1000,12243,9,500,12244,9,500,0,0,0,0,0,0,0,0,0,0,0,0,0,0,0,0,0,0,0,0,0,0,0,0,0,0,0,1,6,Magic Weapon: Lemmings Rod
8303,12243,9,95000,12243,14,2000,12243,18,1000,12073,1,1000,12244,9,500,12245,9,500,0,0,0,0,0,0,0,0,0,0,0,0,0,0,0,0,0,0,0,0,0,0,0,0,0,0,0,1,6,Magic Weapon: Animal Rod
8304,12244,9,95000,12244,14,2000,12244,18,1000,12074,1,1000,12245,9,500,12246,9,500,0,0,0,0,0,0,0,0,0,0,0,0,0,0,0,0,0,0,0,0,0,0,0,0,0,0,0,1,6,Magic Weapon: Mage's Rod
8305,12245,9,95000,12245,14,2000,12245,18,1000,12075,1,1000,12246,9,500,12247,9,500,0,0,0,0,0,0,0,0,0,0,0,0,0,0,0,0,0,0,0,0,0,0,0,0,0,0,0,1,6,Magic Weapon: White Staff
8306,12246,9,95000,12246,14,2000,12246,18,1000,12076,1,1000,12247,9,500,12248,9,500,0,0,0,0,0,0,0,0,0,0,0,0,0,0,0,0,0,0,0,0,0,0,0,0,0,0,0,1,6,Magic Weapon: Wisp Staff
8307,12247,9,95000,12247,14,2000,12247,18,1000,12076,1,1000,12248,9,500,12249,9,500,0,0,0,0,0,0,0,0,0,0,0,0,0,0,0,0,0,0,0,0,0,0,0,0,0,0,0,1,6,Magic Weapon: Shadow Staff
8308,12248,9,95000,12248,14,2000,12248,18,1000,12076,1,1000,12249,9,500,12250,9,500,0,0,0,0,0,0,0,0,0,0,0,0,0,0,0,0,0,0,0,0,0,0,0,0,0,0,0,1,6,Magic Weapon: Golden Staff
8309,12249,9,95000,12249,14,2000,12249,18,1000,12076,1,1000,12250,9,500,12381,9,500,0,0,0,0,0,0,0,0,0,0,0,0,0,0,0,0,0,0,0,0,0,0,0,0,0,0,0,1,6,Magic Weapon: Anima Staff
8310,12250,9,95000,12250,14,2000,12250,18,1000,12076,1,1000,12381,9,500,12382,9,500,0,0,0,0,0,0,0,0,0,0,0,0,0,0,0,0,0,0,0,0,0,0,0,0,0,0,0,1,6,Magic Weapon: Land Staff
8311,12381,9,95000,12381,14,2000,12381,18,1000,12076,1,1000,12382,9,500,12383,9,500,0,0,0,0,0,0,0,0,0,0,0,0,0,0,0,0,0,0,0,0,0,0,0,0,0,0,0,1,6,Magic Weapon: Holy Staff
8312,12382,9,95000,12382,14,2000,12382,18,1000,12076,1,1000,12383,23,500,12384,9,500,0,0,0,0,0,0,0,0,0,0,0,0,0,0,0,0,0,0,0,0,0,0,0,0,0,0,0,1,6,Magic Weapon: Dark Staff
8313,12383,9,95000,12383,14,2000,12383,18,1000,12076,1,1000,12384,23,500,12385,9,500,0,0,0,0,0,0,0,0,0,0,0,0,0,0,0,0,0,0,0,0,0,0,0,0,0,0,0,1,6,Magic Weapon: Rune Staff
8314,12384,9,95000,12384,14,2000,12384,18,1000,12076,1,1000,12385,23,500,12386,9,500,0,0,0,0,0,0,0,0,0,0,0,0,0,0,0,0,0,0,0,0,0,0,0,0,0,0,0,1,6,Magic Weapon: Prayer Staff
8315,12385,9,95000,12385,14,2000,12385,18,1000,12076,1,1000,12386,23,500,12387,9,500,0,0,0,0,0,0,0,0,0,0,0,0,0,0,0,0,0,0,0,0,0,0,0,0,0,0,0,1,6,Magic Weapon: Cypress Pole
8316,12386,9,95000,12386,14,2000,12386,18,1000,12076,1,1000,12387,23,500,12388,9,500,0,0,0,0,0,0,0,0,0,0,0,0,0,0,0,0,0,0,0,0,0,0,0,0,0,0,0,1,6,Magic Weapon: Ikaness Staff
8317,12387,9,95000,12387,14,2000,12387,18,1000,12076,1,1000,12388,23,500,12389,9,500,0,0,0,0,0,0,0,0,0,0,0,0,0,0,0,0,0,0,0,0,0,0,0,0,0,0,0,1,6,Magic Weapon: Oracle Staff
8318,12388,9,95000,12388,14,2000,12388,18,1000,12076,1,1000,12389,23,500,12390,9,500,0,0,0,0,0,0,0,0,0,0,0,0,0,0,0,0,0,0,0,0,0,0,0,0,0,0,0,1,6,Magic Weapon: Twinkle Staff
8319,12389,9,95000,12389,14,2000,12389,18,1000,12076,1,1000,12390,23,500,12390,9,500,0,0,0,0,0,0,0,0,0,0,0,0,0,0,0,0,0,0,0,0,0,0,0,0,0,0,0,1,6,Magic Weapon: Sparkle Staff
8332,12242,9,95000,12242,14,2000,12242,18,1000,12072,1,1000,12243,9,500,12244,9,500,0,0,0,0,0,0,0,0,0,0,0,0,0,0,0,0,0,0,0,0,0,0,0,0,0,0,0,1,6,Magic Weapon: Mage's Wand
8333,12243,9,95000,12243,14,2000,12243,18,1000,12073,1,1000,12244,9,500,12245,9,500,0,0,0,0,0,0,0,0,0,0,0,0,0,0,0,0,0,0,0,0,0,0,0,0,0,0,0,1,6,Magic Weapon: Sorcerer's Wand
8334,12244,9,95000,12244,14,2000,12244,18,1000,12074,1,1000,12245,9,500,12246,9,500,0,0,0,0,0,0,0,0,0,0,0,0,0,0,0,0,0,0,0,0,0,0,0,0,0,0,0,1,6,Magic Weapon: Elven Wand
8335,12245,9,95000,12245,14,2000,12245,18,1000,12075,1,1000,12246,9,500,12247,9,500,0,0,0,0,0,0,0,0,0,0,0,0,0,0,0,0,0,0,0,0,0,0,0,0,0,0,0,1,6,Magic Weapon: Silence Wand
8336,12246,9,95000,12246,14,2000,12246,18,1000,12076,1,1000,12247,9,500,12248,9,500,0,0,0,0,0,0,0,0,0,0,0,0,0,0,0,0,0,0,0,0,0,0,0,0,0,0,0,1,6,Magic Weapon: Windphon Wand
8337,12247,9,95000,12247,14,2000,12247,18,1000,12076,1,1000,12248,9,500,12249,9,500,0,0,0,0,0,0,0,0,0,0,0,0,0,0,0,0,0,0,0,0,0,0,0,0,0,0,0,1,6,Magic Weapon: Flame Wand
8338,12248,9,95000,12248,14,2000,12248,18,1000,12076,1,1000,12249,9,500,12250,9,500,0,0,0,0,0,0,0,0,0,0,0,0,0,0,0,0,0,0,0,0,0,0,0,0,0,0,0,1,6,Magic Weapon: Thunder Wand
8339,12249,9,95000,12249,14,2000,12249,18,1000,12076,1,1000,12250,9,500,12381,9,500,0,0,0,0,0,0,0,0,0,0,0,0,0,0,0,0,0,0,0,0,0,0,0,0,0,0,0,1,6,Magic Weapon: Blizzard Wand
8340,12250,9,95000,12250,14,2000,12250,18,1000,12076,1,1000,12381,9,500,12382,9,500,0,0,0,0,0,0,0,0,0,0,0,0,0,0,0,0,0,0,0,0,0,0,0,0,0,0,0,1,6,Magic Weapon: Recovery Wand
8341,12381,9,95000,12381,14,2000,12381,18,1000,12076,1,1000,12382,9,500,12383,9,500,0,0,0,0,0,0,0,0,0,0,0,0,0,0,0,0,0,0,0,0,0,0,0,0,0,0,0,1,6,Magic Weapon: Windstorm Wand
8342,12382,9,95000,12382,14,2000,12382,18,1000,12076,1,1000,12383,9,500,12384,9,500,0,0,0,0,0,0,0,0,0,0,0,0,0,0,0,0,0,0,0,0,0,0,0,0,0,0,0,1,6,Magic Weapon: Holy Wand
8343,12383,9,95000,12383,14,2000,12383,18,1000,12076,1,1000,12384,9,500,12385,9,500,0,0,0,0,0,0,0,0,0,0,0,0,0,0,0,0,0,0,0,0,0,0,0,0,0,0,0,1,6,Magic Weapon: Shadow Wand
8344,12384,9,95000,12384,14,2000,12384,18,1000,12076,1,1000,12385,9,500,12386,9,500,0,0,0,0,0,0,0,0,0,0,0,0,0,0,0,0,0,0,0,0,0,0,0,0,0,0,0,1,6,Magic Weapon: Bleak Wind
8345,12385,9,95000,12385,14,2000,12385,18,1000,12076,1,1000,12386,9,500,12387,9,500,0,0,0,0,0,0,0,0,0,0,0,0,0,0,0,0,0,0,0,0,0,0,0,0,0,0,0,1,6,Magic Weapon: Conjurer's Wand
8346,12386,9,95000,12386,14,2000,12386,18,1000,12076,1,1000,12387,9,500,12388,9,500,0,0,0,0,0,0,0,0,0,0,0,0,0,0,0,0,0,0,0,0,0,0,0,0,0,0,0,1,6,Magic Weapon: Twister Wand
8347,12387,9,95000,12387,14,2000,12387,18,1000,12076,1,1000,12388,9,500,12389,9,500,0,0,0,0,0,0,0,0,0,0,0,0,0,0,0,0,0,0,0,0,0,0,0,0,0,0,0,1,6,Magic Weapon: Snake Wand
8348,12388,9,95000,12388,14,2000,12388,18,1000,12076,1,1000,12389,9,500,12390,9,500,0,0,0,0,0,0,0,0,0,0,0,0,0,0,0,0,0,0,0,0,0,0,0,0,0,0,0,1,6,Magic Weapon: Ouroboros Wand
8402,12242,6,95000,12242,9,2000,12242,12,1000,12072,1,1000,12243,6,500,12244,6,500,0,0,0,0,0,0,0,0,0,0,0,0,0,0,0,0,0,0,0,0,0,0,0,0,0,0,0,1,6,Dual Wield:  Sword Knuckle
8403,12243,6,95000,12243,9,2000,12243,12,1000,12073,1,1000,12244,6,500,12245,6,500,0,0,0,0,0,0,0,0,0,0,0,0,0,0,0,0,0,0,0,0,0,0,0,0,0,0,0,1,6,Dual Wield: Katar
8404,12244,6,95000,12244,9,2000,12244,12,1000,12074,1,1000,12245,6,500,12246,6,500,0,0,0,0,0,0,0,0,0,0,0,0,0,0,0,0,0,0,0,0,0,0,0,0,0,0,0,1,6,Dual Wield: Rake Hand
8405,12245,6,95000,12245,9,2000,12245,12,1000,12075,1,1000,12246,6,500,12247,6,500,0,0,0,0,0,0,0,0,0,0,0,0,0,0,0,0,0,0,0,0,0,0,0,0,0,0,0,1,6,Dual Wield: Wolf's Paw
8406,12246,6,95000,12246,9,2000,12246,12,1000,12076,1,1000,12247,6,500,12248,6,500,0,0,0,0,0,0,0,0,0,0,0,0,0,0,0,0,0,0,0,0,0,0,0,0,0,0,0,1,6,Dual Wield: Bear's Paw
8407,12247,6,95000,12247,9,2000,12247,12,1000,12076,1,1000,12248,6,500,12249,6,500,0,0,0,0,0,0,0,0,0,0,0,0,0,0,0,0,0,0,0,0,0,0,0,0,0,0,0,1,6,Dual Wield: Spike Knuckle
8408,12248,6,95000,12248,9,2000,12248,12,1000,12076,1,1000,12249,6,500,12250,6,500,0,0,0,0,0,0,0,0,0,0,0,0,0,0,0,0,0,0,0,0,0,0,0,0,0,0,0,1,6,Dual Wield: Crescent Knuckle
8409,12249,6,95000,12249,9,2000,12249,12,1000,12076,1,1000,12250,6,500,12381,6,500,0,0,0,0,0,0,0,0,0,0,0,0,0,0,0,0,0,0,0,0,0,0,0,0,0,0,0,1,6,Dual Wield: Dual Patar
8410,12250,6,95000,12250,9,2000,12250,12,1000,12076,1,1000,12381,6,500,12382,6,500,0,0,0,0,0,0,0,0,0,0,0,0,0,0,0,0,0,0,0,0,0,0,0,0,0,0,0,1,6,Dual Wield: Shaft Claw
8411,12381,6,95000,12381,9,2000,12381,12,1000,12076,1,1000,12382,6,500,12383,6,500,0,0,0,0,0,0,0,0,0,0,0,0,0,0,0,0,0,0,0,0,0,0,0,0,0,0,0,1,6,Dual Wield: Assassin Katar
8412,12382,6,95000,12382,9,2000,12382,12,1000,12076,1,1000,12383,6,500,12384,6,500,0,0,0,0,0,0,0,0,0,0,0,0,0,0,0,0,0,0,0,0,0,0,0,0,0,0,0,1,6,Dual Wield: Dragon Knuckle
8413,12383,6,95000,12383,9,2000,12383,12,1000,12076,1,1000,12384,6,500,12385,6,500,0,0,0,0,0,0,0,0,0,0,0,0,0,0,0,0,0,0,0,0,0,0,0,0,0,0,0,1,6,Dual Wield: Sudden Raid Dagger
8414,12384,6,95000,12384,9,2000,12384,12,1000,12076,1,1000,12385,6,500,12386,6,500,0,0,0,0,0,0,0,0,0,0,0,0,0,0,0,0,0,0,0,0,0,0,0,0,0,0,0,1,6,Dual Wield: Stiletto
8415,12385,6,95000,12385,9,2000,12385,12,1000,12076,1,1000,12386,6,500,12387,6,500,0,0,0,0,0,0,0,0,0,0,0,0,0,0,0,0,0,0,0,0,0,0,0,0,0,0,0,1,6,Dual Wield: Fenrir's Tooth
8416,12386,6,95000,12386,9,2000,12386,12,1000,12076,1,1000,12387,6,500,12388,6,500,0,0,0,0,0,0,0,0,0,0,0,0,0,0,0,0,0,0,0,0,0,0,0,0,0,0,0,1,6,Dual Wield: Phantasma Knuckle
8417,12387,6,95000,12387,9,2000,12387,12,1000,12076,1,1000,12388,6,500,12389,6,500,0,0,0,0,0,0,0,0,0,0,0,0,0,0,0,0,0,0,0,0,0,0,0,0,0,0,0,1,6,Dual Wield: Hawk Knuckle
8418,12388,6,95000,12388,9,2000,12388,12,1000,12076,1,1000,12389,6,500,12390,6,500,0,0,0,0,0,0,0,0,0,0,0,0,0,0,0,0,0,0,0,0,0,0,0,0,0,0,0,1,6,Dual Wield: Raven Knuckle
8419,12389,6,95000,12389,9,2000,12389,12,1000,12076,1,1000,12390,6,500,12390,6,500,0,0,0,0,0,0,0,0,0,0,0,0,0,0,0,0,0,0,0,0,0,0,0,0,0,0,0,1,6,Dual Wield: Crust Knuckle
8431,12243,8,95000,12243,12,2000,12243,16,1000,12073,1,1000,12244,8,500,12245,8,500,0,0,0,0,0,0,0,0,0,0,0,0,0,0,0,0,0,0,0,0,0,0,0,0,0,0,0,1,6,Dual Wield: Khukuri & Long Sword
8432,12244,8,95000,12244,12,2000,12244,16,1000,12074,1,1000,12245,8,500,12246,8,500,0,0,0,0,0,0,0,0,0,0,0,0,0,0,0,0,0,0,0,0,0,0,0,0,0,0,0,1,6,Dual Wield: Long Sword & Mace
8433,12245,8,95000,12245,12,2000,12245,16,1000,12075,1,1000,12246,8,500,12247,8,500,0,0,0,0,0,0,0,0,0,0,0,0,0,0,0,0,0,0,0,0,0,0,0,0,0,0,0,1,6,Dual Wield: Dual Bushido
8434,12246,8,95000,12246,12,2000,12246,16,1000,12076,1,1000,12247,8,500,12248,8,500,0,0,0,0,0,0,0,0,0,0,0,0,0,0,0,0,0,0,0,0,0,0,0,0,0,0,0,1,6,Dual Wield: Twin Ghost Bat
8435,12247,8,95000,12247,12,2000,12247,16,1000,12076,1,1000,12248,8,500,12249,8,500,0,0,0,0,0,0,0,0,0,0,0,0,0,0,0,0,0,0,0,0,0,0,0,0,0,0,0,1,6,Dual Wield: Saber & Elven Sword 
8436,12248,8,95000,12248,12,2000,12248,16,1000,12076,1,1000,12249,8,500,12250,8,500,0,0,0,0,0,0,0,0,0,0,0,0,0,0,0,0,0,0,0,0,0,0,0,0,0,0,0,1,6,Dual Wield: Dual Ocean Swords
8437,12249,8,95000,12249,12,2000,12249,16,1000,12076,1,1000,12250,8,500,12381,8,500,0,0,0,0,0,0,0,0,0,0,0,0,0,0,0,0,0,0,0,0,0,0,0,0,0,0,0,1,6,Dual Wield: Viking Sword & Axe
8438,12250,8,95000,12250,12,2000,12250,16,1000,12076,1,1000,12381,8,500,12382,8,500,0,0,0,0,0,0,0,0,0,0,0,0,0,0,0,0,0,0,0,0,0,0,0,0,0,0,0,1,6,Dual Wield: Blood Sword & Axe
8439,12381,8,95000,12381,12,2000,12381,16,1000,12076,1,1000,12382,8,500,12383,8,500,0,0,0,0,0,0,0,0,0,0,0,0,0,0,0,0,0,0,0,0,0,0,0,0,0,0,0,1,6,Dual Wield: Dual Katana
8440,12382,8,95000,12382,12,2000,12382,16,1000,12076,1,1000,12383,8,500,12384,8,500,0,0,0,0,0,0,0,0,0,0,0,0,0,0,0,0,0,0,0,0,0,0,0,0,0,0,0,1,6,Dual Wield: Ice & Flare Swords
8441,12383,8,95000,12383,12,2000,12383,16,1000,12076,1,1000,12384,8,500,12385,8,500,0,0,0,0,0,0,0,0,0,0,0,0,0,0,0,0,0,0,0,0,0,0,0,0,0,0,0,1,6,Dual Wield: Dual Flare Swords
8442,12384,8,95000,12384,12,2000,12384,16,1000,12076,1,1000,12385,8,500,12386,8,500,0,0,0,0,0,0,0,0,0,0,0,0,0,0,0,0,0,0,0,0,0,0,0,0,0,0,0,1,6,Dual Wield: Brilliant Dual Wield
8443,12385,8,95000,12385,12,2000,12385,16,1000,12076,1,1000,12386,8,500,12387,8,500,0,0,0,0,0,0,0,0,0,0,0,0,0,0,0,0,0,0,0,0,0,0,0,0,0,0,0,1,6,Dual Wield: Spirits Dual Wield
8444,12386,8,95000,12386,12,2000,12386,16,1000,12076,1,1000,12387,8,500,12388,8,500,0,0,0,0,0,0,0,0,0,0,0,0,0,0,0,0,0,0,0,0,0,0,0,0,0,0,0,1,6,Dual Wield: Desperado Dual Wield
8445,12387,8,95000,12387,12,2000,12387,16,1000,12076,1,1000,12388,8,500,12389,8,500,0,0,0,0,0,0,0,0,0,0,0,0,0,0,0,0,0,0,0,0,0,0,0,0,0,0,0,1,6,Dual Wield: Glorious Dual Wield
8446,12388,8,95000,12388,12,2000,12388,16,1000,12076,1,1000,12389,8,500,12390,8,500,0,0,0,0,0,0,0,0,0,0,0,0,0,0,0,0,0,0,0,0,0,0,0,0,0,0,0,1,6,Dual Wield: Demise Dual Weapon
8447,12389,8,95000,12389,12,2000,12389,16,1000,12076,1,1000,12390,8,500,12390,8,500,0,0,0,0,0,0,0,0,0,0,0,0,0,0,0,0,0,0,0,0,0,0,0,0,0,0,0,1,6,Dual Wield: Living Dead
9003,12242,2,95000,12242,3,2000,12242,4,1000,12082,1,1000,12243,2,500,12244,2,500,0,0,0,0,0,0,0,0,0,0,0,0,0,0,0,0,0,0,0,0,0,0,0,0,0,0,0,1,6,Left-Hand Tool: Round Shield
9004,12243,2,95000,12243,3,2000,12243,4,1000,12083,1,1000,12244,2,500,12245,2,500,0,0,0,0,0,0,0,0,0,0,0,0,0,0,0,0,0,0,0,0,0,0,0,0,0,0,0,1,6,Left-Hand Tool: Buckler
9005,12244,2,95000,12244,3,2000,12244,4,1000,12084,1,1000,12245,2,500,12246,2,500,0,0,0,0,0,0,0,0,0,0,0,0,0,0,0,0,0,0,0,0,0,0,0,0,0,0,0,1,6,Left-Hand Tool: Aspis
9006,12245,2,95000,12245,3,2000,12245,4,1000,12085,1,1000,12246,2,500,12247,2,500,0,0,0,0,0,0,0,0,0,0,0,0,0,0,0,0,0,0,0,0,0,0,0,0,0,0,0,1,6,Left-Hand Tool: Hoplon
9007,12246,2,95000,12246,3,2000,12246,4,1000,12086,1,1000,12247,2,500,12248,2,500,0,0,0,0,0,0,0,0,0,0,0,0,0,0,0,0,0,0,0,0,0,0,0,0,0,0,0,1,6,Left-Hand Tool: Kite Shield
9008,12247,2,95000,12247,3,2000,12247,4,1000,12086,1,1000,12248,2,500,12249,2,500,0,0,0,0,0,0,0,0,0,0,0,0,0,0,0,0,0,0,0,0,0,0,0,0,0,0,0,1,6,Left-Hand Tool: Tower Shield
9009,12248,2,95000,12248,3,2000,12248,4,1000,12086,1,1000,12249,2,500,12250,2,500,0,0,0,0,0,0,0,0,0,0,0,0,0,0,0,0,0,0,0,0,0,0,0,0,0,0,0,1,6,Left-Hand Tool: Mythril Shield
9010,12249,2,95000,12249,3,2000,12249,4,1000,12086,1,1000,12250,2,500,12381,2,500,0,0,0,0,0,0,0,0,0,0,0,0,0,0,0,0,0,0,0,0,0,0,0,0,0,0,0,1,6,Left-Hand Tool: Plate Shield
9011,12250,2,95000,12250,3,2000,12250,4,1000,12086,1,1000,12381,2,500,12382,3,500,0,0,0,0,0,0,0,0,0,0,0,0,0,0,0,0,0,0,0,0,0,0,0,0,0,0,0,1,6,Left-Hand Tool: Orc Shield
9012,12381,2,95000,12381,3,2000,12381,4,1000,12086,1,1000,12382,2,500,12382,5,500,0,0,0,0,0,0,0,0,0,0,0,0,0,0,0,0,0,0,0,0,0,0,0,0,0,0,0,1,6,Left-Hand Tool: Blood Shield
9013,12382,2,95000,12382,3,2000,12382,4,1000,12086,1,1000,12382,5,500,12382,6,500,0,0,0,0,0,0,0,0,0,0,0,0,0,0,0,0,0,0,0,0,0,0,0,0,0,0,0,1,6,Left-Hand Tool: Righteous Shield
9014,12383,2,95000,12383,3,2000,12383,4,1000,12086,1,1000,12382,5,500,12382,2,500,0,0,0,0,0,0,0,0,0,0,0,0,0,0,0,0,0,0,0,0,0,0,0,0,0,0,0,1,6,Left-Hand Tool: Mighty Shield
9015,12384,2,95000,12384,3,2000,12384,4,1000,12086,1,1000,12382,5,500,12382,2,500,0,0,0,0,0,0,0,0,0,0,0,0,0,0,0,0,0,0,0,0,0,0,0,0,0,0,0,1,6,Left-Hand Tool: Zephyr Defender
9016,12385,2,95000,12385,3,2000,12385,4,1000,12086,1,1000,12382,5,500,12382,2,500,0,0,0,0,0,0,0,0,0,0,0,0,0,0,0,0,0,0,0,0,0,0,0,0,0,0,0,1,6,Left-Hand Tool: Silver Hearts Shield
9017,12386,2,95000,12386,3,2000,12386,4,1000,12086,1,1000,12382,5,500,12382,2,500,0,0,0,0,0,0,0,0,0,0,0,0,0,0,0,0,0,0,0,0,0,0,0,0,0,0,0,1,6,Left-Hand Tool: Vivor Shield
9063,12242,3,95000,12242,5,2000,12242,6,1000,12082,1,1000,12243,3,500,12244,3,500,0,0,0,0,0,0,0,0,0,0,0,0,0,0,0,0,0,0,0,0,0,0,0,0,0,0,0,1,6,Left-Hand Tool: Book of Concentration
9064,12243,3,95000,12243,5,2000,12243,6,1000,12083,1,1000,12244,3,500,12245,3,500,0,0,0,0,0,0,0,0,0,0,0,0,0,0,0,0,0,0,0,0,0,0,0,0,0,0,0,1,6,Left-Hand Tool: Book of Charm
9065,12244,3,95000,12244,5,2000,12244,6,1000,12084,1,1000,12245,3,500,12246,3,500,0,0,0,0,0,0,0,0,0,0,0,0,0,0,0,0,0,0,0,0,0,0,0,0,0,0,0,1,6,Left-Hand Tool: Mythical Flute
9066,12245,3,95000,12245,5,2000,12245,6,1000,12085,1,1000,12246,3,500,12247,3,500,0,0,0,0,0,0,0,0,0,0,0,0,0,0,0,0,0,0,0,0,0,0,0,0,0,0,0,1,6,Left-Hand Tool: Elven Anthology
9067,12246,3,95000,12246,5,2000,12246,6,1000,12086,1,1000,12247,3,500,12248,3,500,0,0,0,0,0,0,0,0,0,0,0,0,0,0,0,0,0,0,0,0,0,0,0,0,0,0,0,1,6,Left-Hand Tool: Basic Encyclopedia
9068,12247,3,95000,12247,5,2000,12247,6,1000,12086,1,1000,12248,3,500,12249,3,500,0,0,0,0,0,0,0,0,0,0,0,0,0,0,0,0,0,0,0,0,0,0,0,0,0,0,0,1,6,Left-Hand Tool: Magic Mirror
9069,12248,3,95000,12248,5,2000,12248,6,1000,12086,1,1000,12249,3,500,12250,3,500,0,0,0,0,0,0,0,0,0,0,0,0,0,0,0,0,0,0,0,0,0,0,0,0,0,0,0,1,6,Left-Hand Tool: Shadow Mirror
9070,12249,3,95000,12249,5,2000,12249,6,1000,12086,1,1000,12250,3,500,12381,3,500,0,0,0,0,0,0,0,0,0,0,0,0,0,0,0,0,0,0,0,0,0,0,0,0,0,0,0,1,6,Left-Hand Tool: Mana Stone
9071,12250,3,95000,12250,5,2000,12250,6,1000,12086,1,1000,12381,3,500,12382,5,500,0,0,0,0,0,0,0,0,0,0,0,0,0,0,0,0,0,0,0,0,0,0,0,0,0,0,0,1,6,Left-Hand Tool: Rune Stone
9072,12381,3,95000,12381,5,2000,12381,6,1000,12086,1,1000,12382,3,500,12382,8,500,0,0,0,0,0,0,0,0,0,0,0,0,0,0,0,0,0,0,0,0,0,0,0,0,0,0,0,1,6,Left-Hand Tool: Cubic Scepter
9073,12382,3,95000,12382,5,2000,12382,6,1000,12086,1,1000,12382,8,500,12382,9,500,0,0,0,0,0,0,0,0,0,0,0,0,0,0,0,0,0,0,0,0,0,0,0,0,0,0,0,1,6,Left-Hand Tool: Holy Scepter
9074,12383,3,95000,12383,5,2000,12383,6,1000,12086,1,1000,12382,8,500,12382,3,500,0,0,0,0,0,0,0,0,0,0,0,0,0,0,0,0,0,0,0,0,0,0,0,0,0,0,0,1,6,Left-Hand Tool: Meteoric Scepter
9075,12384,3,95000,12384,5,2000,12384,6,1000,12086,1,1000,12382,8,500,12382,3,500,0,0,0,0,0,0,0,0,0,0,0,0,0,0,0,0,0,0,0,0,0,0,0,0,0,0,0,1,6,Left-Hand Tool: Elven Harp
9076,12385,3,95000,12385,5,2000,12385,6,1000,12086,1,1000,12382,8,500,12382,3,500,0,0,0,0,0,0,0,0,0,0,0,0,0,0,0,0,0,0,0,0,0,0,0,0,0,0,0,1,6,Left-Hand Tool: Lunatic Candy Bar
9077,12386,3,95000,12386,5,2000,12386,6,1000,12086,1,1000,12382,8,500,12382,3,500,0,0,0,0,0,0,0,0,0,0,0,0,0,0,0,0,0,0,0,0,0,0,0,0,0,0,0,1,6,Left-Hand Tool: Bang Bang Tree Leaf
9078,12387,3,95000,12387,5,2000,12387,6,1000,12086,1,1000,12382,8,500,12382,3,500,0,0,0,0,0,0,0,0,0,0,0,0,0,0,0,0,0,0,0,0,0,0,0,0,0,0,0,1,6,Left-Hand Tool: Eye of Storm
