id,items,amount
1,12071|0|0|0,1|0|0|0
2,12072|0|0|0,1|0|0|0
3,12073|0|0|0,1|0|0|0
4,12074|0|0|0,1|0|0|0
5,12075|0|0|0,1|0|0|0
6,12076|0|0|0,1|0|0|0
7,12077|0|0|0,1|0|0|0
8,12078|0|0|0,1|0|0|0
9,12079|0|0|0,1|0|0|0
10,12080|0|0|0,1|0|0|0
11,12081|0|0|0,1|0|0|0
12,12082|0|0|0,1|0|0|0
13,12083|0|0|0,1|0|0|0
14,12084|0|0|0,1|0|0|0
15,12085|0|0|0,1|0|0|0
16,12086|0|0|0,1|0|0|0
17,12087|0|0|0,1|0|0|0
18,12088|0|0|0,1|0|0|0
19,12089|0|0|0,1|0|0|0
20,12090|0|0|0,1|0|0|0
21,12445|0|0|0,1|0|0|0
22,12446|0|0|0,1|0|0|0
23,12447|0|0|0,1|0|0|0
24,12448|0|0|0,1|0|0|0
25,12449|0|0|0,1|0|0|0
26,12450|0|0|0,1|0|0|0
27,12392|0|0|0,10|0|0|0
28,12393|0|0|0,10|0|0|0
29,12394|0|0|0,10|0|0|0
31,12501|0|0|0,1|0|0|0
32,12502|0|0|0,1|0|0|0
36,12371|0|0|0,1|0|0|0
37,12372|0|0|0,1|0|0|0
38,12373|0|0|0,1|0|0|0
39,12374|0|0|0,1|0|0|0
40,12375|0|0|0,1|0|0|0
41,12376|0|0|0,1|0|0|0
42,12377|0|0|0,1|0|0|0
43,12378|0|0|0,1|0|0|0
44,12379|0|0|0,1|0|0|0
45,12380|0|0|0,1|0|0|0
49,12051|12177|12095|0,10|2|2|0
50,12052|12091|12178|0,25|3|2|0
51,12053|12091|12181|0,50|3|2|0
52,12007|12092|12186|0,75|3|3|0
53,12054|12185|12095|0,100|3|2|0
54,12055|12091|12095|0,125|3|2|0
55,12035|12094|12097|0,150|2|2|0
56,12119|12095|12097|0,175|2|2|0
57,12033|12092|12097|0,200|3|3|0
58,12005|12102|12095|0,225|2|2|0
59,12013|12118|12194|0,250|3|2|0
60,12118|12095|12097|0,300|2|2|0
64,12032|12121|12173|0,6|2|2|0
65,12033|12121|12173|0,8|2|2|0
66,12034|12121|12173|0,10|2|2|0
67,12034|12121|12091|0,8|2|1|0
68,12035|12122|12091|0,9|2|2|0
69,12045|12123|12095|0,10|2|1|0
76,12031|12094|12173|0,5|2|2|0
77,12032|12094|12173|0,5|2|2|0
78,12054|12095|12185|0,10|3|4|0
100,12002|12041|0|0,7|1|0|0
102,12005|12042|12110|0,8|1|1|0
104,12006|12043|12111|12127,9|2|1|1
106,12008|12044|12112|12127,9|2|1|1
107,12009|12045|12112|12127,9|2|1|1
108,12010|12045|12112|12128,9|3|1|1
109,12012|12046|12113|12128,9|3|1|1
110,12013|12046|12113|12128,9|3|1|1
112,12015|12048|12114|12129,11|3|2|1
113,12016|12048|12114|12129,11|3|2|1
114,12017|12049|12114|12129,11|4|2|1
115,12018|12049|12115|12129,10|4|2|1
116,12019|12050|12115|12130,10|4|2|1
118,12051|12041|0|0,12|1|0|0
120,12052|12042|12110|0,15|1|1|0
122,12053|12043|12111|12127,19|2|1|1
124,12054|12044|12112|12127,24|3|2|1
125,12055|12045|12112|12127,26|4|2|1
126,12055|12045|12112|12128,29|4|3|1
127,12056|12046|12113|12128,31|5|3|1
128,12056|12046|12113|12128,33|6|4|2
130,12058|12048|12114|12129,33|8|6|2
131,12058|12048|12114|12129,31|8|7|2
132,12059|12049|12114|12129,32|9|8|2
133,12059|12049|12115|12129,32|10|9|2
134,12060|12050|12115|12130,31|10|10|2
136,12041|12051|0|0,8|1|0|0
138,12042|12052|12110|0,12|2|1|0
140,12043|12053|12111|12127,14|3|1|1
142,12044|12054|12112|12127,17|4|2|1
143,12045|12055|12112|12127,19|5|2|1
144,12045|12055|12112|12128,21|7|3|1
145,12046|12056|12113|12128,22|8|3|1
146,12046|12056|12113|12128,24|9|4|2
148,12048|12058|12114|12129,24|11|6|2
149,12048|12058|12114|12129,24|12|7|2
150,12049|12059|12114|12129,24|13|8|2
151,12049|12059|12115|12129,23|14|9|2
152,12050|12060|12115|12130,23|15|11|2
154,12041|12051|0|0,9|1|0|0
156,12042|12052|12110|0,13|2|1|0
158,12043|12053|12111|12127,15|3|1|1
160,12044|12054|12112|12127,19|5|2|1
161,12045|12055|12112|12127,21|6|3|1
162,12045|12055|12112|12128,23|7|3|1
163,12046|12056|12113|12128,25|9|4|1
164,12046|12056|12113|12128,26|10|5|2
166,12048|12058|12114|12129,27|12|6|2
167,12048|12058|12114|12129,26|13|8|2
168,12049|12059|12114|12129,26|15|9|2
169,12049|12059|12115|12129,25|16|10|2
170,12050|12060|12115|12130,25|17|12|2
172,12051|12041|0|0,2|1|0|0
173,12052|12042|12110|0,2|1|1|0
174,12052|12042|12110|0,3|1|1|0
175,12053|12043|12111|12126,3|1|1|1
176,12053|12043|12111|12127,4|1|1|1
177,12054|12044|12111|12127,4|1|1|1
178,12054|12044|12112|12127,5|1|1|1
179,12055|12045|12112|12127,5|2|1|1
180,12055|12045|12112|12128,6|2|1|1
181,12056|12046|12113|12128,7|3|1|1
182,12056|12046|12113|12128,8|3|2|1
183,12057|12047|12113|12128,9|4|2|1
184,12058|12048|12114|12129,9|4|2|1
185,12058|12048|12114|12129,10|5|3|1
186,12059|12049|12114|12129,11|6|4|1
187,12059|12049|12115|12129,11|7|5|1
189,12020|12030|12115|12130,5|2|3|1
200,12002|12041|0|0,17|2|0|0
201,12003|12042|12110|0,19|2|1|0
202,12005|12042|12110|0,20|2|1|0
203,12005|12043|12111|12126,21|3|1|1
204,12006|12043|12111|12127,22|3|1|1
205,12007|12044|12111|12127,22|3|1|1
206,12008|12044|12112|12127,22|4|1|1
207,12009|12045|12112|12127,22|5|2|1
208,12010|12045|12112|12128,21|5|2|1
209,12012|12046|12113|12128,22|6|2|1
210,12013|12046|12113|12128,23|6|2|2
211,12014|12047|12113|12128,26|6|3|2
212,12015|12048|12114|12129,28|7|3|2
213,12016|12048|12114|12129,28|7|3|2
214,12017|12049|12114|12129,27|7|3|2
215,12018|12049|12115|12129,26|8|3|2
216,12019|12050|12115|12130,25|8|4|2
217,12020|12050|12115|12130,24|8|4|2
218,12051|12041|0|0,29|1|0|0
219,12052|12042|12110|0,32|2|1|0
220,12052|12042|12110|0,37|3|1|0
221,12053|12043|12111|12126,41|3|1|1
222,12053|12043|12111|12127,47|4|2|1
223,12054|12044|12111|12127,54|5|2|1
224,12054|12044|12112|12127,62|6|3|1
225,12055|12045|12112|12127,69|7|3|1
226,12055|12045|12112|12128,77|9|4|1
227,12056|12046|12113|12128,83|11|5|1
228,12056|12046|12113|12128,90|13|6|3
229,12057|12047|12113|12128,90|14|7|3
230,12058|12048|12114|12129,92|16|8|4
231,12058|12048|12114|12129,89|17|10|4
232,12059|12049|12114|12129,93|19|11|3
233,12059|12049|12115|12129,92|20|12|5
234,12060|12050|12115|12130,91|21|14|4
235,12060|12050|12115|12130,87|22|16|5
236,12041|12051|0|0,20|2|0|0
237,12042|12052|12110|0,24|3|1|0
238,12042|12052|12110|0,28|3|1|0
239,12043|12053|12111|12126,31|4|1|1
240,12043|12053|12111|12127,35|6|2|1
241,12044|12054|12111|12127,39|7|2|1
242,12044|12054|12112|12127,45|9|3|1
243,12045|12055|12112|12127,49|11|4|1
244,12045|12055|12112|12128,55|14|4|1
245,12046|12056|12113|12128,60|16|5|1
246,12046|12056|12113|12128,65|19|6|4
247,12047|12057|12113|12128,66|21|7|3
248,12048|12058|12114|12129,68|23|8|4
249,12048|12058|12114|12129,68|25|10|4
250,12049|12059|12114|12129,68|28|11|4
251,12049|12059|12115|12129,67|30|12|5
252,12050|12060|12115|12130,67|32|15|4
253,12050|12060|12115|12130,64|33|17|5
254,12041|12051|0|0,23|2|0|0
255,12042|12052|12110|0,26|3|1|0
256,12042|12052|12110|0,31|4|1|0
257,12043|12053|12111|12126,34|5|1|1
258,12043|12053|12111|12127,38|6|2|1
259,12044|12054|12111|12127,43|8|2|1
260,12044|12054|12112|12127,49|10|3|1
261,12045|12055|12112|12127,54|12|4|1
262,12045|12055|12112|12128,60|15|5|1
263,12046|12056|12113|12128,66|18|5|2
264,12046|12056|12113|12128,71|21|7|4
265,12047|12057|12113|12128,73|23|8|3
266,12048|12058|12114|12129,75|26|9|5
267,12048|12058|12114|12129,75|27|11|5
268,12049|12059|12114|12129,75|31|12|4
269,12049|12059|12115|12129,74|33|14|5
270,12050|12060|12115|12130,74|35|16|4
271,12050|12060|12115|12130,70|36|19|6
272,12051|12041|0|0,4|1|0|0
273,12052|12042|12110|0,5|1|1|0
274,12052|12042|12110|0,6|1|1|0
275,12053|12043|12111|12126,7|1|1|1
276,12053|12043|12111|12127,8|2|1|1
277,12054|12044|12111|12127,10|2|1|1
278,12054|12044|12112|12127,12|3|1|1
279,12055|12045|12112|12127,13|3|1|1
280,12055|12045|12112|12128,16|4|2|1
281,12056|12046|12113|12128,18|5|2|1
282,12056|12046|12113|12128,21|7|2|1
283,12057|12047|12113|12128,23|8|3|1
284,12058|12048|12114|12129,25|9|3|2
285,12058|12048|12114|12129,28|10|4|2
286,12059|12049|12114|12129,30|12|5|2
287,12059|12049|12115|12129,33|15|6|3
300,12002|12041|0|0,5|1|0|0
301,12003|12042|12110|0,6|1|1|0
302,12005|12042|12110|0,6|1|1|0
303,12005|12043|12111|12126,7|1|1|1
304,12006|12043|12111|12127,7|1|1|1
305,12007|12044|12111|12127,7|1|1|1
306,12008|12044|12112|12127,7|1|1|1
307,12009|12045|12112|12127,7|1|1|1
308,12010|12045|12112|12128,7|2|1|1
309,12012|12046|12113|12128,7|2|1|1
310,12013|12046|12113|12128,7|2|1|1
311,12014|12047|12113|12128,8|2|1|1
312,12015|12048|12114|12129,9|2|1|1
313,12016|12048|12114|12129,9|2|1|1
314,12017|12049|12114|12129,8|2|1|1
315,12018|12049|12115|12129,8|2|1|1
316,12019|12050|12115|12130,8|2|2|1
317,12020|12050|12115|12130,8|2|2|1
318,12051|12041|0|0,9|1|0|0
319,12052|12042|12110|0,10|1|1|0
320,12052|12042|12110|0,11|1|1|0
321,12053|12043|12111|12126,13|1|1|1
322,12053|12043|12111|12127,15|1|1|1
323,12054|12044|12111|12127,17|1|1|1
324,12054|12044|12112|12127,20|2|1|1
325,12055|12045|12112|12127,23|2|1|1
326,12055|12045|12112|12128,25|2|1|1
327,12056|12046|12113|12128,28|3|1|1
328,12056|12046|12113|12128,30|3|2|1
329,12057|12047|12113|12128,31|3|2|1
330,12058|12048|12114|12129,32|3|2|1
331,12058|12048|12114|12129,31|4|2|1
332,12059|12049|12114|12129,33|4|2|1
333,12059|12049|12115|12129,33|4|3|1
334,12060|12050|12115|12130,34|4|3|1
335,12060|12050|12115|12130,33|4|3|1
336,12041|12051|0|0,6|1|0|0
337,12042|12052|12110|0,8|1|1|0
338,12042|12052|12110|0,9|1|1|0
339,12043|12053|12111|12126,10|1|1|1
340,12043|12053|12111|12127,11|2|1|1
341,12044|12054|12111|12127,13|2|1|1
342,12044|12054|12112|12127,14|2|1|1
343,12045|12055|12112|12127,16|3|1|1
344,12045|12055|12112|12128,18|3|1|1
345,12046|12056|12113|12128,20|4|1|1
346,12046|12056|12113|12128,22|4|2|1
347,12047|12057|12113|12128,23|5|2|1
348,12048|12058|12114|12129,24|5|2|1
349,12048|12058|12114|12129,24|5|2|1
350,12049|12059|12114|12129,24|6|3|1
351,12049|12059|12115|12129,24|6|3|1
352,12050|12060|12115|12130,25|6|3|1
353,12050|12060|12115|12130,24|6|4|1
354,12041|12051|0|0,7|1|0|0
355,12042|12052|12110|0,8|1|1|0
356,12042|12052|12110|0,10|1|1|0
357,12043|12053|12111|12126,11|2|1|1
358,12043|12053|12111|12127,12|2|1|1
359,12044|12054|12111|12127,14|2|1|1
360,12044|12054|12112|12127,16|3|1|1
361,12045|12055|12112|12127,18|3|1|1
362,12045|12055|12112|12128,20|4|1|1
363,12046|12056|12113|12128,22|4|1|1
364,12046|12056|12113|12128,24|5|2|1
365,12047|12057|12113|12128,25|5|2|1
366,12048|12058|12114|12129,26|5|2|1
367,12048|12058|12114|12129,26|6|3|1
368,12049|12059|12114|12129,27|6|3|1
369,12049|12059|12115|12129,27|7|3|1
370,12050|12060|12115|12130,27|7|3|1
371,12050|12060|12115|12130,26|7|4|2
372,12051|12041|0|0,2|1|0|0
373,12051|12041|12110|0,2|1|1|0
374,12051|12041|12110|0,3|1|1|0
375,12051|12041|12110|12126,3|1|1|1
376,12051|12041|12110|12126,4|1|1|1
377,12052|12042|12110|12126,3|1|1|1
378,12052|12042|12110|12126,4|1|1|1
379,12053|12043|12110|12126,5|1|1|1
380,12053|12043|12110|12126,6|1|1|1
381,12054|12044|12110|12126,7|1|1|1
382,12054|12044|12110|12126,8|1|1|1
383,12054|12044|12111|12127,9|1|1|1
384,12055|12045|12111|12127,10|1|1|1
385,12056|12046|12111|12127,11|1|1|1
386,12057|12047|12111|12127,12|1|1|1
387,12058|12048|12111|12127,13|2|1|1
400,12002|12041|0|0,5|1|0|0
401,12003|12042|12110|0,6|1|1|0
402,12005|12042|12110|0,6|1|1|0
403,12005|12043|12111|12126,7|1|1|1
404,12006|12043|12111|12127,7|1|1|1
405,12007|12044|12111|12127,7|1|1|1
406,12008|12044|12112|12127,7|2|1|1
407,12009|12045|12112|12127,7|2|1|1
408,12010|12045|12112|12128,7|2|1|1
409,12011|12046|12113|12128,7|2|1|1
410,12013|12046|12113|12128,7|2|1|1
411,12014|12047|12113|12128,8|2|1|1
412,12015|12048|12114|12129,9|2|1|1
413,12016|12048|12114|12129,9|2|1|1
414,12017|12049|12114|12129,9|2|2|1
415,12018|12049|12115|12129,8|2|2|1
416,12019|12050|12115|12130,8|2|2|1
417,12020|12050|12115|12130,8|2|2|1
418,12051|12041|0|0,9|1|0|0
419,12052|12042|12110|0,10|1|1|0
420,12052|12042|12110|0,12|1|1|0
421,12053|12043|12111|12126,13|1|1|1
422,12053|12043|12111|12127,15|1|1|1
423,12054|12044|12111|12127,18|1|1|1
424,12054|12044|12112|12127,20|2|1|1
425,12055|12045|12112|12127,23|2|1|1
426,12055|12045|12112|12128,26|2|1|1
427,12056|12046|12113|12128,28|2|1|1
428,12056|12046|12113|12128,31|2|2|1
429,12057|12047|12113|12128,32|2|2|1
430,12058|12048|12114|12129,33|3|2|1
431,12058|12048|12114|12129,32|3|2|1
432,12059|12049|12114|12129,34|3|2|1
433,12059|12049|12115|12129,34|3|3|2
434,12060|12050|12115|12130,35|3|3|1
435,12060|12050|12115|12130,34|3|3|2
436,12041|12051|0|0,6|1|0|0
437,12042|12052|12110|0,8|1|1|0
438,12042|12052|12110|0,9|1|1|0
439,12043|12053|12111|12126,10|1|1|1
440,12043|12053|12111|12127,11|2|1|1
441,12044|12054|12111|12127,13|2|1|1
442,12044|12054|12112|12127,15|2|1|1
443,12045|12055|12112|12127,16|2|1|1
444,12045|12055|12112|12128,18|3|1|1
445,12046|12056|12113|12128,20|3|1|1
446,12046|12056|12113|12128,22|3|2|1
447,12047|12057|12113|12128,23|4|2|1
448,12048|12058|12114|12129,24|4|2|2
449,12048|12058|12114|12129,25|4|2|1
450,12049|12059|12114|12129,25|4|3|1
451,12049|12059|12115|12129,25|4|3|2
452,12050|12060|12115|12130,25|5|3|1
453,12050|12060|12115|12130,25|5|4|2
454,12041|12051|0|0,7|1|0|0
455,12042|12052|12110|0,8|1|1|0
456,12042|12052|12110|0,10|1|1|0
457,12043|12053|12111|12126,11|1|1|1
458,12043|12053|12111|12127,12|2|1|1
459,12044|12054|12111|12127,14|2|1|1
460,12044|12054|12112|12127,16|2|1|1
461,12045|12055|12112|12127,18|3|1|1
462,12045|12055|12112|12128,20|3|1|1
463,12046|12056|12113|12128,22|3|1|1
464,12046|12056|12113|12128,25|4|2|1
465,12047|12057|12113|12128,25|4|2|1
466,12048|12058|12114|12129,27|4|2|2
467,12048|12058|12114|12129,27|4|3|2
468,12049|12059|12114|12129,28|5|3|1
469,12049|12059|12115|12129,28|5|3|2
470,12050|12060|12115|12130,28|5|3|2
471,12050|12060|12115|12130,27|5|4|2
472,12051|12041|0|0,2|1|0|0
473,12052|12042|12110|0,2|1|1|0
474,12052|12042|12110|0,2|1|1|0
475,12053|12043|12111|12126,3|1|1|1
476,12053|12043|12111|12127,3|1|1|1
477,12054|12044|12111|12127,4|1|1|1
478,12054|12044|12112|12127,4|1|1|1
479,12055|12045|12112|12127,5|1|1|1
480,12055|12045|12112|12128,6|1|1|1
481,12056|12046|12113|12128,7|1|1|1
482,12056|12046|12113|12128,8|1|1|1
483,12057|12047|12113|12128,9|1|1|1
484,12058|12048|12114|12129,10|1|1|1
485,12058|12048|12114|12129,11|1|1|1
486,12059|12049|12114|12129,12|2|1|1
487,12059|12049|12115|12129,13|2|1|1
499,12003|12042|12032|0,28|6|6|0
500,12004|12043|12032|0,28|6|7|0
501,12005|12044|12101|0,29|6|6|0
502,12006|12045|12101|0,31|7|6|0
503,12007|12046|12102|0,33|7|7|0
504,12008|12047|12188|0,35|7|7|0
505,12009|12048|12195|0,38|8|7|0
506,12010|12049|12200|0,41|8|8|0
520,12041|12051|12110|0,19|8|6|0
521,12042|12032|12110|0,20|8|7|0
522,12042|12052|12110|0,22|9|6|0
523,12043|12053|12185|0,20|8|3|0
524,12044|12054|12186|0,21|9|3|0
525,12044|12054|12187|0,22|10|3|0
526,12045|12055|12194|0,24|10|5|0
530,12177|12095|12097|0,11|3|6|0
531,12197|12177|12095|0,10|6|5|0
532,12177|12181|12095|0,19|6|7|0
533,12196|12095|12097|0,18|6|6|0
534,12196|12095|12097|0,18|6|6|0
535,12196|12095|12097|0,16|6|8|0
536,12198|12095|12097|0,15|5|8|0
537,12199|12095|12097|0,15|5|8|0
539,12200|12192|12095|0,13|4|10|0
565,12001|12002|0|0,10|4|0|0
566,12001|12002|0|0,14|5|0|0
567,12002|12003|0|0,16|5|0|0
568,12003|12004|12042|0,17|5|1|0
569,12004|12005|12043|12116,18|6|1|1
570,12005|12006|12043|12116,19|6|1|1
571,12006|12007|12044|12117,20|6|1|1
572,12007|12008|12044|12117,26|8|1|1
573,12008|12009|12044|12117,26|7|1|1
574,12009|12010|12045|12117,26|7|1|1
575,12010|12194|12045|12117,26|7|2|1
576,12010|12124|12045|12117,32|9|2|2
577,12011|12012|12046|12117,33|8|2|3
578,12012|12013|12046|12117,35|9|3|5
579,12012|12125|12046|12117,42|11|3|6
580,12013|12014|12047|12118,46|11|4|5
581,12014|12015|12047|12118,50|11|4|7
582,12015|12016|12048|12118,50|11|4|6
583,12017|12018|12049|12118,38|8|6|7
584,12019|12020|12050|12119,31|6|8|9
585,12001|12002|12041|0,26|9|1|0
586,12002|12003|12042|0,31|9|1|0
587,12003|12004|12042|0,33|10|1|0
588,12004|12005|12043|12116,34|10|1|1
589,12005|12006|12043|12116,37|11|1|1
590,12006|12007|12044|12117,38|11|1|1
591,12006|12007|12044|12117,50|14|2|1
592,12007|12008|12044|12117,50|14|2|2
593,12008|12009|12045|12117,50|13|2|2
594,12009|12010|12045|12117,49|13|3|2
595,12009|12010|12045|12200,61|16|3|3
596,12010|12012|12046|12117,63|15|4|4
597,12011|12013|12046|12117,67|17|5|9
598,12011|12013|12046|12117,81|20|6|11
599,12012|12014|12047|12118,88|21|6|9
600,12013|12015|12047|12118,95|21|7|13
601,12014|12016|12048|12118,95|20|8|12
602,12016|12018|12049|12118,72|15|11|14
603,12018|12020|12050|12119,58|12|15|17
615,12001|12041|0|0,12|4|0|0
616,12001|12041|0|0,16|6|0|0
617,12002|12042|0|0,19|7|0|0
618,12003|12042|12022|0,20|8|1|0
619,12004|12043|12023|12116,20|9|1|1
620,12005|12043|12023|12116,21|10|1|1
621,12006|12044|12194|12117,22|11|1|1
622,12007|12044|12024|12117,22|13|2|1
623,12007|12044|12024|12117,28|16|2|1
624,12008|12045|12025|12117,28|18|2|1
625,12009|12046|12026|12117,27|19|3|1
626,12009|12046|12026|12117,33|24|3|2
627,12010|12046|12026|12117,34|25|4|3
628,12011|12047|12027|12117,36|27|4|5
629,12011|12047|12027|12117,42|32|5|6
630,12012|12047|12027|12118,45|32|5|5
631,12013|12048|12028|12118,48|32|6|7
632,12014|12048|12028|12118,48|31|6|6
633,12016|12050|12030|12118,36|26|9|7
634,12018|12050|12030|12119,29|21|12|9
636,12001|12002|0|0,8|3|0|0
637,12001|12002|0|0,12|4|0|0
638,12002|12003|0|0,14|4|0|0
639,12003|12004|12004|0,14|4|1|0
640,12004|12005|12033|12116,15|5|1|1
641,12005|12006|12033|12116,16|5|1|1
642,12006|12007|12034|12117,16|5|1|1
643,12007|12008|12034|12117,16|5|1|1
644,12007|12008|12034|12117,20|6|1|1
645,12008|12009|12035|12117,20|6|1|1
646,12009|12194|12035|12117,20|5|1|1
647,12009|12124|12035|12117,24|7|2|1
648,12010|12012|12036|12117,24|6|2|2
649,12011|12013|12036|12117,26|7|2|4
650,12011|12013|12036|12117,30|8|2|5
651,12012|12017|12037|12118,33|8|3|4
652,12013|12015|12037|12118,35|8|3|5
653,12014|12016|12038|12118,34|7|3|4
654,12015|12017|12038|12118,33|7|3|4
655,12016|12018|12039|12118,29|6|4|6
656,12018|12020|12040|12119,23|5|6|7
658,12001|12031|0|0,15|5|0|0
659,12002|12032|0|0,18|5|0|0
660,12002|12032|0|0,24|7|0|0
661,12003|12032|12042|0,26|8|1|0
662,12004|12033|12043|12116,26|8|1|1
663,12005|12033|12043|12116,28|8|1|1
664,12006|12034|12044|12117,29|8|1|1
665,12007|12034|12044|12117,29|8|1|1
666,12007|12034|12044|12117,37|10|2|1
667,12008|12035|12045|12117,36|10|2|1
668,12009|12035|12045|12117,35|9|2|2
669,12010|12036|12046|12117,36|9|3|3
670,12010|12036|12046|12117,44|11|3|3
671,12011|12036|12046|12117,46|12|3|7
672,12012|12037|12047|12118,51|12|4|5
673,12012|12037|12047|12118,59|15|4|6
674,12013|12037|12047|12118,63|14|5|9
675,12014|12038|12048|12118,63|13|5|8
676,12014|12038|12048|12118,71|15|6|9
677,12016|12039|12049|12118,52|11|8|10
678,12018|12040|12050|12119,41|8|11|12
680,12031|12002|12110|0,13|5|1|0
681,12031|12002|12110|0,18|6|1|0
682,12031|12003|12110|0,21|6|1|0
683,12032|12004|12110|0,22|7|1|0
684,12032|12005|12111|12116,22|7|1|1
685,12033|12006|12111|12116,24|7|1|1
686,12033|12007|12111|12117,24|7|1|1
687,12033|12007|12111|12117,31|9|1|1
688,12034|12015|12112|12117,31|9|1|1
689,12034|12009|12112|12117,31|8|1|1
690,12035|12010|12112|12117,30|8|1|2
691,12035|12010|12112|12117,37|10|1|2
692,12035|12012|12113|12117,37|9|1|3
693,12036|12013|12113|12117,39|10|1|6
694,12036|12013|12113|12117,47|12|1|7
695,12036|12014|12113|12118,50|12|2|5
696,12037|12015|12113|12118,53|12|2|7
697,12037|12016|12114|12118,53|11|2|7
698,12038|12018|12114|12118,40|9|2|8
699,12039|12020|12115|12119,32|7|3|10
710,12031|12003|12110|0,55|12|1|0
711,12032|12004|12110|0,57|15|3|0
712,12032|12005|12111|12116,61|18|3|1
713,12033|12006|12111|12116,69|21|3|2
714,12033|12007|12111|12117,74|23|4|2
715,12034|12008|12112|12117,78|24|4|2
716,12034|12009|12112|12117,79|26|4|2
717,12035|12010|12112|12117,79|27|4|3
718,12035|12010|12112|12117,96|33|4|3
719,12035|12012|12113|12117,93|33|4|6
720,12036|12015|12113|12117,87|38|5|12
730,12001|12002|0|0,16|6|0|0
731,12001|12002|0|0,22|8|0|0
732,12002|12003|0|0,26|8|0|0
733,12003|12004|12022|0,27|8|3|0
734,12004|12005|12023|12116,28|9|3|1
735,12005|12006|12023|12116,30|9|4|1
736,12006|12007|12024|12117,31|9|4|1
737,12006|12007|12024|12117,40|11|5|1
738,12007|12008|12024|12117,39|11|6|1
739,12008|12009|12025|12117,39|10|7|1
740,12009|12010|12026|12117,38|10|9|2
741,12009|12010|12026|12117,47|12|11|2
742,12010|12012|12026|12117,47|12|12|3
743,12011|12013|12027|12117,50|13|14|7
744,12011|12013|12027|12117,59|15|16|8
745,12012|12014|12027|12118,63|16|17|7
746,12013|12015|12028|12118,68|15|18|9
747,12014|12016|12028|12118,67|14|18|8
748,12016|12018|12030|12118,50|11|17|10
749,12018|12020|12030|12119,40|8|16|12
760,12001|12032|0|0,64|37|0|0
761,12002|12003|0|0,74|24|0|0
762,12003|12004|12022|0,72|27|2|0
763,12004|12005|12023|12116,69|30|2|2
764,12005|12006|12023|12116,71|33|2|3
765,12006|12007|12024|12117,70|34|3|3
766,12007|12015|12024|12117,68|35|3|4
767,12007|12008|12024|12117,85|44|3|5
768,12008|12009|12025|12117,80|44|3|4
769,12009|12010|12026|12117,74|44|3|6
770,12009|12010|12026|12117,89|53|4|7
771,12010|12012|12026|12117,83|52|4|12
772,12011|12013|12027|12117,82|56|4|26
773,12011|12013|12027|12117,93|64|4|29
774,12012|12014|12027|12118,92|68|5|22
775,12013|12015|12028|12118,90|67|5|29
776,12014|12016|12028|12118,81|62|4|24
777,12016|12018|12030|12118,54|49|4|21
778,12018|12020|12030|12119,39|39|3|18
781,12031|12002|0|0,26|6|0|0
782,12031|12002|0|0,36|7|0|0
783,12031|12003|0|0,40|8|0|0
784,12032|12004|12042|0,43|9|2|0
785,12032|12005|12043|12116,47|10|2|1
786,12033|12006|12043|12116,54|11|2|2
787,12033|12007|12044|12117,60|12|3|2
788,12033|12007|12044|12117,77|15|3|2
789,12034|12008|12044|12117,84|15|3|3
790,12034|12009|12045|12117,88|16|3|3
791,12035|12010|12045|12117,61|25|3|5
792,12035|12010|12045|12117,75|31|4|6
793,12035|12012|12046|12117,73|32|4|12
794,12036|12013|12046|12117,70|35|5|27
795,12036|12013|12046|12117,83|42|5|33
796,12036|12014|12047|12118,71|46|6|27
797,12037|12015|12047|12118,59|51|6|40
798,12037|12016|12048|12118,47|52|6|38
799,12038|12017|12048|12118,41|48|6|31
800,12038|12018|12049|12118,35|44|6|44
801,12039|12020|12050|12119,21|36|5|44
802,12031|12002|0|0,23|5|0|0
803,12031|12002|0|0,31|6|0|0
804,12031|12003|0|0,34|7|0|0
805,12032|12004|12022|0,36|8|2|0
806,12032|12005|12023|12116,40|9|2|1
807,12033|12006|12023|12124,46|9|2|1
808,12033|12007|12024|12125,51|10|2|1
809,12034|12008|12024|12194,56|10|2|2
810,12034|12008|12024|12117,71|13|3|3
811,12034|12009|12025|12122,75|13|3|3
812,12035|12010|12026|12117,87|12|3|4
813,12035|12010|12026|12117,64|27|4|5
814,12035|12012|12026|12117,63|28|4|10
815,12036|12013|12027|12117,60|30|4|23
816,12036|12013|12027|12117,71|36|5|28
817,12036|12014|12027|12118,61|39|5|23
818,12037|12015|12028|12118,50|43|5|35
819,12038|12018|12030|12118,24|30|4|30
820,12039|12020|12030|12119,15|25|4|31
832,12001|12002|0|0,12|4|0|0
833,12001|12002|0|0,16|6|0|0
834,12002|12003|0|0,19|6|0|0
835,12003|12004|12042|0,18|7|2|0
836,12004|12005|12043|12116,17|8|2|1
837,12005|12006|12043|12116,18|8|3|1
838,12006|12007|12044|12117,18|9|3|1
839,12006|12007|12044|12117,23|11|4|1
840,12007|12008|12044|12117,22|12|5|2
841,12008|12009|12045|12117,21|12|6|2
842,12009|12010|12045|12117,22|11|6|2
843,12009|12010|12045|12117,27|13|8|2
844,12010|12012|12046|12117,28|11|9|4
845,12011|12013|12046|12117,31|11|10|8
846,12011|12013|12046|12117,37|13|12|10
847,12012|12014|12047|12118,42|12|12|8
848,12013|12015|12047|12118,46|10|13|11
849,12014|12016|12048|12118,48|7|13|10
850,12016|12018|12049|12118,38|5|13|9
851,12018|12020|12050|12119,32|3|12|9
853,8004|8005|12002|0,1|1|2|0
854,8005|8033|12003|0,1|1|2|0
855,8006|8006|12004|0,1|1|3|0
856,8036|8036|12005|12116,1|1|3|1
857,8007|8008|12006|12116,1|1|4|2
858,8009|8010|12007|12117,1|1|5|2
859,8011|8133|12008|12117,1|1|6|2
860,8012|8136|12009|12117,1|1|7|3
861,8013|8013|12010|12117,1|1|9|3
862,8014|8015|12011|12117,1|1|12|4
863,8015|8015|12011|12117,1|1|15|4
864,8017|8017|12012|12117,1|1|13|8
865,8017|8018|12013|12117,1|1|16|17
866,8016|8019|12014|12118,1|1|21|14
867,8018|8018|12014|12118,1|1|24|17
868,8020|8020|12015|12118,1|1|30|23
869,8020|8021|12016|12118,1|1|36|21
870,8022|8022|12018|12118,1|1|42|20
871,8023|8023|12020|12119,1|1|49|19
933,12002|12031|0|0,5|2|0|0
934,12002|12031|0|0,7|2|0|0
935,12003|12032|0|0,7|2|0|0
936,12004|12032|12126|0,7|2|1|0
937,12005|12033|12126|0,8|3|1|0
938,12006|12033|12127|0,9|3|1|0
939,12008|12044|12127|0,10|2|1|0
940,12009|12044|12127|0,12|3|1|0
941,12015|12045|12127|0,7|3|1|0
942,12011|12045|12128|0,14|3|1|0
943,12012|12046|12128|0,16|4|1|0
944,12013|12046|12128|0,18|5|4|0
945,12015|12047|12128|0,19|5|4|0
946,12016|12048|12129|0,20|6|5|0
947,12017|12048|12129|0,21|6|6|0
948,12019|12049|12129|0,21|6|6|0
949,12020|12050|12130|0,23|7|6|0
956,12051|12110|0|0,26|4|0|0
957,12052|12110|0|0,23|4|0|0
958,12053|12111|0|0,23|4|0|0
959,12054|12112|0|0,23|4|0|0
965,12031|12051|0|0,12|3|0|0
966,12031|12051|0|0,15|3|0|0
967,12032|12052|0|0,14|3|0|0
968,12032|12002|12126|0,14|4|1|0
969,12033|12003|12126|0,15|4|1|0
970,12033|12053|12127|0,16|4|1|0
971,12034|12024|12127|0,17|5|1|0
972,12034|12024|12127|0,17|5|1|0
973,12035|12025|12127|0,18|6|1|0
974,12035|12025|12128|0,18|6|1|0
975,12036|12026|12128|0,19|7|2|0
976,12036|12026|12128|0,20|7|4|0
977,12037|12027|12128|0,20|7|3|0
978,12037|12007|12129|0,20|2|5|0
979,12038|12058|12129|0,20|7|5|0
980,12038|12058|12129|0,20|8|4|0
981,12039|12029|12129|0,21|9|5|0
982,12039|12029|12130|0,21|9|5|0
983,12040|12030|12130|0,21|10|7|0
991,7251|12291|12295|0,1|16|3|0
992,7251|12292|12296|0,1|16|3|0
993,7251|12293|12297|0,1|16|3|0
994,7251|12294|12298|0,1|16|3|0
995,7251|12291|12295|0,1|68|15|0
996,7251|12292|12296|0,1|68|15|0
997,7251|12293|12297|0,1|68|15|0
998,7251|12294|12298|0,1|68|15|0
999,7251|12299|0|0,1|2|0|0
1021,7261|12291|12295|0,1|16|3|0
1022,7261|12292|12296|0,1|16|3|0
1023,7261|12293|12297|0,1|16|3|0
1024,7261|12294|12298|0,1|16|3|0
1025,7261|12291|12295|0,1|68|15|0
1026,7261|12292|12296|0,1|68|15|0
1027,7261|12293|12297|0,1|68|15|0
1028,7261|12294|12298|0,1|68|15|0
1029,7261|12299|0|0,1|2|0|0
1051,7271|12291|12295|0,1|16|3|0
1052,7271|12292|12296|0,1|16|3|0
1053,7271|12293|12297|0,1|16|3|0
1054,7271|12294|12298|0,1|16|3|0
1055,7271|12291|12295|0,1|68|15|0
1056,7271|12292|12296|0,1|68|15|0
1057,7271|12293|12297|0,1|68|15|0
1058,7271|12294|12298|0,1|68|15|0
1059,7271|12299|0|0,1|2|0|0
1092,0|12011|12201|12202,1|30|15|10
1093,0|12012|12201|12202,1|40|20|15
1094,0|12013|12201|12202,1|55|25|20
1095,0|12014|12205|12202,1|50|15|25
1096,0|12015|12205|12202,1|70|19|30
1097,0|12016|12205|12206,1|80|20|15
1098,0|12016|12205|12206,1|80|20|15
1099,0|12016|12205|12206,1|80|20|15
1100,0|12017|12205|12206,1|60|30|20
1101,0|12010|12201|12203,1|30|25|10
1102,0|12014|12205|12203,1|40|25|15
1103,0|12016|12205|12204,1|50|35|15
1111,0|12034|12061|12201,1|53|10|15
1112,0|12012|12061|12202,1|57|20|20
1113,0|12014|12062|12203,1|56|30|25
1141,12016|12152|12208|12226,100|10|30|100
1142,12017|12156|12208|12227,200|30|50|100
1151,12015|12201|12207|12231,100|10|30|100
1152,12016|12204|12207|12231,150|20|40|100
1153,12017|12205|12207|12231,200|30|50|100
1161,12015|12202|12209|12226,100|10|30|100
1162,12016|12206|12209|12227,200|30|50|100
1171,12018|12153|12210|12235,200|10|40|100
1172,12018|12151|12210|12235,200|10|40|100
1173,12018|12155|12210|12235,200|10|40|100
1174,12018|12157|12210|12235,200|10|40|100
1175,12018|12154|12210|12235,200|10|40|100
1201,0|12163|12162|0,6|2|1|0
1202,0|11301|0|0,8|2|0|0
1203,0|11302|0|0,12|2|0|0
1204,0|12155|11303|0,20|1|2|0
1205,0|12155|11304|0,28|2|2|0
1206,0|12155|11305|0,38|3|2|0
1207,0|12155|11306|0,56|5|2|0
1211,0|12163|0|0,6|3|0|0
1212,0|11311|0|0,8|2|0|0
1213,0|11312|0|0,12|2|0|0
1214,0|12155|11313|0,20|1|2|0
1215,0|12155|11314|0,28|2|2|0
1216,0|12155|11315|0,38|3|2|0
1217,0|12155|11316|0,56|5|2|0
1221,0|12162|0|0,6|3|0|0
1222,0|11321|0|0,8|2|0|0
1223,0|11322|0|0,12|2|0|0
1224,0|12153|11323|0,20|1|2|0
1225,0|12153|11324|0,28|2|2|0
1226,0|12153|11325|0,38|3|2|0
1227,0|12153|11326|0,56|5|2|0
1231,0|12163|12161|12162,6|1|1|1
1232,0|11331|0|0,8|2|0|0
1233,0|11332|0|0,12|2|0|0
1234,0|12156|11333|0,20|1|2|0
1235,0|12156|11334|0,28|2|2|0
1236,0|12156|11335|0,38|3|2|0
1237,0|12156|11336|0,56|5|2|0
1241,0|12161|0|0,6|3|0|0
1242,0|11341|0|0,8|2|0|0
1243,0|11342|0|0,12|2|0|0
1244,0|12152|11343|0,20|1|2|0
1245,0|12152|11344|0,28|2|2|0
1246,0|12152|11345|0,38|3|2|0
1247,0|12152|11346|0,56|5|2|0
1251,0|12161|12164|0,6|2|1|0
1252,0|11351|0|0,8|2|0|0
1253,0|11352|0|0,12|2|0|0
1254,0|12152|11353|0,26|2|2|0
1255,0|12152|11354|0,35|3|2|0
1256,0|12152|11355|0,45|4|2|0
1257,0|12152|11356|0,64|6|2|0
1261,0|12164|0|0,6|3|0|0
1262,0|11361|0|0,8|2|0|0
1263,0|11362|0|0,12|2|0|0
1264,0|12157|11363|0,26|2|2|0
1265,0|12157|11364|0,35|3|2|0
1266,0|12157|11365|0,45|4|2|0
1267,0|12157|11366|0,64|6|2|0
1271,0|12163|12164|0,6|2|1|0
1272,0|11371|0|0,8|2|0|0
1273,0|11372|0|0,12|2|0|0
1274,0|12154|11373|0,26|2|2|0
1275,0|12154|11374|0,35|3|2|0
1276,0|12154|11375|0,45|4|2|0
1277,0|12154|11376|0,64|6|2|0
1281,0|12163|12164|0,4|1|1|0
1282,0|11381|0|0,8|2|0|0
1283,0|11382|0|0,12|2|0|0
1284,0|12156|11383|0,20|1|2|0
1285,0|12156|11384|0,28|2|2|0
1286,0|12156|11385|0,38|3|2|0
1287,0|12156|11386|0,56|5|2|0
1291,0|12162|12164|0,4|1|1|0
1292,0|11391|0|0,8|2|0|0
1293,0|11392|0|0,12|2|0|0
1294,0|12153|11393|0,20|1|2|0
1295,0|12153|11394|0,28|2|2|0
1296,0|12153|11395|0,38|3|2|0
1297,0|12153|11396|0,56|5|2|0
1301,0|12163|12161|12162,6|1|1|1
1302,0|11401|0|0,8|2|0|0
1303,0|11402|0|0,12|2|0|0
1304,0|12156|11403|0,20|1|2|0
1305,0|12156|11404|0,28|2|2|0
1306,0|12156|11405|0,38|3|2|0
1307,0|12156|11406|0,56|5|2|0
1311,0|12164|12163|0,6|2|1|0
1312,0|11411|0|0,8|2|0|0
1313,0|11412|0|0,12|2|0|0
1314,0|12154|11413|0,26|2|2|0
1315,0|12154|11414|0,35|3|2|0
1316,0|12154|11415|0,45|4|2|0
1317,0|12154|11416|0,64|6|2|0
1321,0|12161|12164|0,4|1|1|0
1322,0|11421|0|0,8|2|0|0
1323,0|11422|0|0,12|2|0|0
1324,0|12152|11423|0,20|1|2|0
1325,0|12152|11424|0,28|2|2|0
1326,0|12152|11425|0,38|3|2|0
1327,0|12152|11426|0,56|5|2|0
1331,0|12163|12164|0,4|1|1|0
1332,0|11431|0|0,8|2|0|0
1333,0|11432|0|0,12|2|0|0
1334,0|12155|11433|0,20|1|2|0
1335,0|12155|11434|0,28|2|2|0
1336,0|12155|11435|0,38|3|2|0
1337,0|12155|11436|0,56|5|2|0
1341,0|12162|12164|0,6|2|1|0
1342,0|11441|0|0,8|2|0|0
1343,0|11442|0|0,12|2|0|0
1344,0|12153|11443|0,26|2|2|0
1345,0|12153|11444|0,35|3|2|0
1346,0|12153|11445|0,45|4|2|0
1347,0|12153|11446|0,64|6|2|0
1351,0|12161|12162|0,4|1|1|0
1352,0|11451|0|0,8|2|0|0
1353,0|11452|0|0,12|2|0|0
1354,0|12152|11453|0,26|2|2|0
1355,0|12152|11454|0,35|3|2|0
1356,0|12152|11455|0,45|4|2|0
1357,0|12152|11456|0,64|6|2|0
1361,0|12163|12161|0,6|2|1|0
1362,0|11461|0|0,8|2|0|0
1363,0|11462|0|0,12|2|0|0
1364,0|12155|11463|0,26|2|2|0
1365,0|12155|11464|0,35|3|2|0
1366,0|12155|11465|0,45|4|2|0
1367,0|12155|11466|0,64|6|2|0
1371,0|12163|12162|12161,10|3|1|1
1372,0|11471|0|0,8|2|0|0
1373,0|11472|0|0,12|2|0|0
1374,0|12157|12151|11473,26|1|1|2
1375,0|12157|12151|11474,42|2|2|2
1376,0|12157|12151|11475,60|3|3|2
1377,0|12157|12151|11476,80|4|4|2
1381,0|12161|12164|12163,10|2|2|1
1382,0|11481|0|0,8|2|0|0
1383,0|11482|0|0,12|2|0|0
1384,0|12157|12151|11483,26|1|1|2
1385,0|12157|12151|11484,42|2|2|2
1386,0|12157|12151|11485,60|3|3|2
1387,0|12157|12151|11486,80|4|4|2
1391,0|12161|12164|12162,10|2|2|1
1392,0|11491|0|0,8|2|0|0
1393,0|11492|0|0,12|2|0|0
1394,0|12151|12157|11493,26|1|1|2
1395,0|12151|12157|11494,42|2|2|2
1396,0|12151|12157|11495,60|3|3|2
1397,0|12151|12157|11496,80|4|4|2
2000,2031|12002|12243|12361,1|1|1|1
2001,2031|12002|12248|12361,1|1|1|1
2004,2032|12005|12243|12363,1|1|1|1
2005,2032|12005|12248|12363,1|1|1|1
2008,2033|12006|12243|12365,1|1|1|1
2009,2033|12006|12248|12365,1|1|1|1
2012,2034|12008|12243|12367,1|1|2|1
2013,2034|12008|12248|12367,1|1|2|1
2014,2035|12009|12243|12368,1|1|2|1
2015,2035|12009|12248|12368,1|1|2|1
2016,2036|12010|12243|12369,1|1|3|2
2017,2036|12010|12248|12369,1|1|3|2
2018,2038|12012|12243|12370,1|1|4|2
2019,2038|12012|12248|12370,1|1|4|2
2020,2037|12013|12243|12381,1|1|4|2
2021,2037|12013|12248|12381,1|1|4|2
2024,2042|12015|12243|12383,1|2|4|3
2025,2042|12015|12248|12383,1|2|4|3
2026,2039|12016|12243|12384,1|2|4|3
2027,2039|12016|12248|12384,1|2|4|3
2028,2043|12017|12243|12385,1|2|5|3
2029,2043|12017|12248|12385,1|2|5|3
2030,2040|12018|12243|12386,1|2|5|3
2031,2040|12018|12248|12386,1|2|5|3
2032,2041|12019|12243|12387,1|2|5|3
2033,2041|12019|12248|12387,1|2|5|3
2036,2061|12051|12243|12361,1|1|1|1
2037,2061|12051|12248|12361,1|1|1|1
2040,2062|12052|12243|12363,1|1|1|1
2041,2062|12052|12248|12363,1|1|1|1
2044,2063|12053|12243|12365,1|1|2|1
2045,2063|12053|12248|12365,1|1|2|1
2048,2064|12054|12243|12367,1|1|2|2
2049,2064|12054|12248|12367,1|1|2|2
2050,2065|12055|12243|12368,1|1|3|2
2051,2065|12055|12248|12368,1|1|3|2
2052,2066|12055|12243|12369,1|1|3|2
2053,2066|12055|12248|12369,1|1|3|2
2054,2068|12056|12243|12370,1|2|5|3
2055,2068|12056|12248|12370,1|2|5|3
2056,2067|12056|12243|12381,1|1|4|3
2057,2067|12056|12248|12381,1|1|4|3
2060,2072|12058|12243|12383,1|2|5|3
2061,2072|12058|12248|12383,1|2|5|3
2062,2069|12058|12243|12384,1|2|5|3
2063,2069|12058|12248|12384,1|2|5|3
2064,2073|12059|12243|12385,1|2|5|3
2065,2073|12059|12248|12385,1|2|5|3
2066,2070|12059|12243|12386,1|2|5|3
2067,2070|12059|12248|12386,1|2|5|3
2068,2071|12060|12243|12387,1|2|5|3
2069,2071|12060|12248|12387,1|2|5|3
2072,2091|12041|12243|12361,1|1|1|1
2073,2091|12041|12248|12361,1|1|1|1
2076,2092|12042|12243|12363,1|1|1|1
2077,2092|12042|12248|12363,1|1|1|1
2080,2093|12043|12243|12365,1|1|2|1
2081,2093|12043|12248|12365,1|1|2|1
2084,2094|12044|12243|12367,1|1|3|2
2085,2094|12044|12248|12367,1|1|3|2
2086,2095|12045|12243|12368,1|1|3|2
2087,2095|12045|12248|12368,1|1|3|2
2088,2096|12045|12243|12369,1|1|3|2
2089,2096|12045|12248|12369,1|1|3|2
2090,2098|12046|12243|12370,1|2|5|3
2091,2098|12046|12248|12370,1|2|5|3
2092,2097|12046|12243|12381,1|1|4|3
2093,2097|12046|12248|12381,1|1|4|3
2096,2102|12048|12243|12383,1|2|5|3
2097,2102|12048|12248|12383,1|2|5|3
2098,2099|12048|12243|12384,1|2|5|3
2099,2099|12048|12248|12384,1|2|5|3
2100,2103|12049|12243|12385,1|2|6|4
2101,2103|12049|12248|12385,1|2|6|4
2102,2100|12049|12243|12386,1|2|6|4
2103,2100|12049|12248|12386,1|2|6|4
2104,2101|12050|12243|12387,1|2|6|4
2105,2101|12050|12248|12387,1|2|6|4
2108,2121|12041|12243|12361,1|1|1|1
2109,2121|12041|12248|12361,1|1|1|1
2112,2122|12042|12243|12363,1|1|1|1
2113,2122|12042|12248|12363,1|1|1|1
2116,2123|12043|12243|12365,1|1|2|1
2117,2123|12043|12248|12365,1|1|2|1
2120,2124|12044|12243|12367,1|1|3|2
2121,2124|12044|12248|12367,1|1|3|2
2122,2125|12045|12243|12368,1|1|3|2
2123,2125|12045|12248|12368,1|1|3|2
2124,2126|12045|12243|12369,1|1|4|2
2125,2126|12045|12248|12369,1|1|4|2
2126,2128|12046|12243|12370,1|2|5|3
2127,2128|12046|12248|12370,1|2|5|3
2128,2127|12046|12243|12381,1|2|5|3
2129,2127|12046|12248|12381,1|2|5|3
2132,2132|12048|12243|12383,1|2|6|4
2133,2132|12048|12248|12383,1|2|6|4
2134,2129|12048|12243|12384,1|2|6|4
2135,2129|12048|12248|12384,1|2|6|4
2136,2133|12049|12243|12385,1|2|6|4
2137,2133|12049|12248|12385,1|2|6|4
2138,2130|12049|12243|12386,1|3|6|4
2139,2130|12049|12248|12386,1|3|6|4
2140,2131|12050|12243|12387,1|3|6|4
2141,2131|12050|12248|12387,1|3|6|4
2144,2002|12051|12243|12361,1|1|1|1
2145,2002|12051|12248|12361,1|1|1|1
2146,2003|12052|12243|12362,1|1|1|1
2147,2003|12052|12248|12362,1|1|1|1
2148,2004|12052|12243|12363,1|1|1|1
2149,2004|12052|12248|12363,1|1|1|1
2150,2005|12053|12243|12364,1|1|1|1
2151,2005|12053|12248|12364,1|1|1|1
2152,2006|12053|12243|12365,1|1|1|1
2153,2006|12053|12248|12365,1|1|1|1
2154,2007|12054|12243|12366,1|1|1|1
2155,2007|12054|12248|12366,1|1|1|1
2156,2008|12054|12243|12367,1|1|1|1
2157,2008|12054|12248|12367,1|1|1|1
2158,2009|12055|12243|12368,1|1|1|1
2159,2009|12055|12248|12368,1|1|1|1
2160,2010|12055|12243|12369,1|1|1|1
2161,2010|12055|12248|12369,1|1|1|1
2162,2011|12056|12243|12370,1|1|1|1
2163,2011|12056|12248|12370,1|1|1|1
2164,2012|12056|12243|12381,1|1|1|1
2165,2012|12056|12248|12381,1|1|1|1
2166,2013|12057|12243|12382,1|1|1|1
2167,2013|12057|12248|12382,1|1|1|1
2168,2014|12058|12243|12383,1|1|2|1
2169,2014|12058|12248|12383,1|1|2|1
2170,2015|12058|12243|12384,1|1|2|1
2171,2015|12058|12248|12384,1|1|2|1
2172,2016|12059|12243|12385,1|1|2|1
2173,2016|12059|12248|12385,1|1|2|1
2174,2017|12059|12243|12386,1|1|2|1
2175,2017|12059|12248|12386,1|1|2|1
2178,2241|12020|12243|12388,1|1|1|1
2179,2241|12020|12248|12388,1|1|1|1
2250,3031|12002|12243|12361,1|1|2|1
2251,3031|12002|12248|12361,1|1|2|1
2254,3032|12005|12243|12363,1|1|3|2
2255,3032|12005|12248|12363,1|1|3|2
2258,3033|12006|12243|12365,1|1|4|3
2259,3033|12006|12248|12365,1|1|4|3
2262,3034|12008|12243|12367,1|2|6|4
2263,3034|12008|12248|12367,1|2|6|4
2264,3035|12009|12243|12368,1|2|7|4
2265,3035|12009|12248|12368,1|2|7|4
2266,3036|12010|12243|12369,1|2|8|5
2267,3036|12010|12248|12369,1|2|8|5
2268,3038|12012|12243|12370,1|2|9|6
2269,3038|12012|12248|12370,1|2|9|6
2270,3037|12013|12243|12381,1|3|10|6
2271,3037|12013|12248|12381,1|3|10|6
2274,3042|12015|12243|12383,1|4|11|7
2275,3042|12015|12248|12383,1|4|11|7
2276,3039|12016|12243|12384,1|4|11|7
2277,3039|12016|12248|12384,1|4|11|7
2278,3043|12017|12243|12385,1|4|12|8
2279,3043|12017|12248|12385,1|4|12|8
2280,3040|12018|12243|12386,1|4|12|8
2281,3040|12018|12248|12386,1|4|12|8
2282,3041|12019|12243|12387,1|5|12|8
2283,3041|12019|12248|12387,1|5|12|8
2286,3061|12051|12243|12361,1|1|2|1
2287,3061|12051|12248|12361,1|1|2|1
2290,3062|12052|12243|12363,1|1|3|2
2291,3062|12052|12248|12363,1|1|3|2
2294,3063|12053|12243|12365,1|2|5|3
2295,3063|12053|12248|12365,1|2|5|3
2298,3064|12054|12243|12367,1|2|7|5
2299,3064|12054|12248|12367,1|2|7|5
2300,3065|12055|12243|12368,1|2|8|5
2301,3065|12055|12248|12368,1|2|8|5
2302,3066|12055|12243|12369,1|3|9|6
2303,3066|12055|12248|12369,1|3|9|6
2304,3068|12056|12243|12370,1|3|10|7
2305,3068|12056|12248|12370,1|3|10|7
2306,3067|12056|12243|12381,1|3|11|7
2307,3067|12056|12248|12381,1|3|11|7
2310,3072|12058|12243|12383,1|5|13|8
2311,3072|12058|12248|12383,1|5|13|8
2312,3069|12058|12243|12384,1|4|12|8
2313,3069|12058|12248|12384,1|4|12|8
2314,3073|12059|12243|12385,1|5|14|9
2315,3073|12059|12248|12385,1|5|14|9
2316,3070|12059|12243|12386,1|5|14|9
2317,3070|12059|12248|12386,1|5|14|9
2318,3071|12060|12243|12387,1|5|14|9
2319,3071|12060|12248|12387,1|5|14|9
2322,3091|12041|12243|12361,1|1|2|1
2323,3091|12041|12248|12361,1|1|2|1
2326,3092|12042|12243|12363,1|1|3|2
2327,3092|12042|12248|12363,1|1|3|2
2330,3093|12043|12243|12365,1|2|5|3
2331,3093|12043|12248|12365,1|2|5|3
2334,3094|12044|12243|12367,1|2|7|5
2335,3094|12044|12248|12367,1|2|7|5
2336,3095|12045|12243|12368,1|3|8|5
2337,3095|12045|12248|12368,1|3|8|5
2338,3096|12045|12243|12369,1|3|9|6
2339,3096|12045|12248|12369,1|3|9|6
2340,3098|12046|12243|12370,1|3|11|7
2341,3098|12046|12248|12370,1|3|11|7
2342,3097|12046|12243|12381,1|4|12|8
2343,3097|12046|12248|12381,1|4|12|8
2346,3102|12048|12243|12383,1|5|14|9
2347,3102|12048|12248|12383,1|5|14|9
2348,3099|12048|12243|12384,1|4|13|8
2349,3099|12048|12248|12384,1|4|13|8
2350,3103|12049|12243|12385,1|5|15|10
2351,3103|12049|12248|12385,1|5|15|10
2352,3100|12049|12243|12386,1|5|15|10
2353,3100|12049|12248|12386,1|5|15|10
2354,3101|12050|12243|12387,1|6|15|10
2355,3101|12050|12248|12387,1|6|15|10
2358,3121|12041|12243|12361,1|1|2|2
2359,3121|12041|12248|12361,1|1|2|2
2362,3122|12042|12243|12363,1|1|4|3
2363,3122|12042|12248|12363,1|1|4|3
2366,3123|12043|12243|12365,1|2|6|4
2367,3123|12043|12248|12365,1|2|6|4
2370,3124|12044|12243|12367,1|3|8|5
2371,3124|12044|12248|12367,1|3|8|5
2372,3125|12045|12243|12368,1|3|9|6
2373,3125|12045|12248|12368,1|3|9|6
2374,3126|12045|12243|12369,1|3|10|7
2375,3126|12045|12248|12369,1|3|10|7
2376,3128|12046|12243|12370,1|3|12|8
2377,3128|12046|12248|12370,1|3|12|8
2378,3127|12046|12243|12381,1|4|13|8
2379,3127|12046|12248|12381,1|4|13|8
2382,3132|12048|12243|12383,1|5|15|10
2383,3132|12048|12248|12383,1|5|15|10
2384,3129|12048|12248|12384,1|5|14|9
2385,3129|12048|12248|12384,1|5|14|9
2386,3133|12049|12248|12385,1|6|16|11
2387,3133|12049|12248|12385,1|6|16|11
2388,3130|12049|12243|12386,1|6|16|11
2389,3130|12049|12248|12386,1|6|16|11
2390,3131|12050|12243|12387,1|6|16|11
2391,3131|12050|12248|12387,1|6|16|11
2394,3002|12051|12243|12361,1|1|1|1
2395,3002|12051|12248|12361,1|1|1|1
2396,3003|12052|12243|12362,1|1|1|1
2397,3003|12052|12248|12362,1|1|1|1
2398,3004|12052|12243|12363,1|1|1|1
2399,3004|12052|12248|12363,1|1|1|1
2400,3005|12053|12243|12364,1|1|1|1
2401,3005|12053|12248|12364,1|1|1|1
2402,3006|12053|12243|12365,1|1|1|1
2403,3006|12053|12248|12365,1|1|1|1
2404,3007|12054|12243|12366,1|1|1|1
2405,3007|12054|12248|12366,1|1|1|1
2406,3008|12054|12243|12367,1|1|1|1
2407,3008|12054|12248|12367,1|1|1|1
2408,3009|12055|12243|12368,1|1|2|1
2409,3009|12055|12248|12368,1|1|2|1
2410,3010|12055|12243|12369,1|1|2|1
2411,3010|12055|12248|12369,1|1|2|1
2412,3011|12056|12243|12370,1|1|3|2
2413,3011|12056|12248|12370,1|1|3|2
2414,3012|12056|12243|12381,1|1|3|2
2415,3012|12056|12248|12381,1|1|3|2
2416,3013|12057|12243|12382,1|1|4|2
2417,3013|12057|12248|12382,1|1|4|2
2418,3014|12058|12243|12383,1|1|5|3
2419,3014|12058|12248|12383,1|1|5|3
2420,3015|12058|12243|12384,1|2|5|3
2421,3015|12058|12248|12384,1|2|5|3
2422,3016|12059|12243|12385,1|2|6|4
2423,3016|12059|12248|12385,1|2|6|4
2424,3017|12059|12243|12386,1|2|7|4
2425,3017|12059|12248|12386,1|2|7|4
2500,4031|12002|12243|12361,1|1|1|1
2501,4031|12002|12248|12361,1|1|1|1
2504,4032|12005|12243|12363,1|1|1|1
2505,4032|12005|12248|12363,1|1|1|1
2508,4033|12006|12243|12365,1|1|1|1
2509,4033|12006|12248|12365,1|1|1|1
2512,4034|12008|12243|12367,1|1|1|1
2513,4034|12008|12248|12367,1|1|1|1
2514,4035|12009|12243|12368,1|1|2|1
2515,4035|12009|12248|12368,1|1|2|1
2516,4036|12010|12243|12369,1|1|2|1
2517,4036|12010|12248|12369,1|1|2|1
2518,4038|12012|12248|12370,1|1|3|2
2519,4038|12012|12248|12370,1|1|3|2
2520,4037|12013|12243|12381,1|1|3|2
2521,4037|12013|12248|12381,1|1|3|2
2524,4042|12015|12243|12383,1|1|3|2
2525,4042|12015|12248|12383,1|1|3|2
2526,4039|12016|12243|12384,1|1|3|2
2527,4039|12016|12248|12384,1|1|3|2
2528,4043|12017|12243|12385,1|1|3|2
2529,4043|12017|12248|12385,1|1|3|2
2530,4040|12018|12243|12386,1|1|3|2
2531,4040|12018|12248|12386,1|1|3|2
2532,4041|12019|12243|12387,1|1|3|2
2533,4041|12019|12248|12387,1|1|3|2
2536,4061|12051|12243|12361,1|1|1|1
2537,4061|12051|12248|12361,1|1|1|1
2540,4062|12052|12243|12363,1|1|1|1
2541,4062|12052|12248|12363,1|1|1|1
2544,4063|12053|12243|12365,1|1|1|1
2545,4063|12053|12248|12365,1|1|1|1
2548,4064|12054|12243|12367,1|1|2|1
2549,4064|12054|12248|12367,1|1|2|1
2550,4065|12055|12243|12368,1|1|2|1
2551,4065|12055|12248|12368,1|1|2|1
2552,4066|12055|12243|12369,1|1|2|1
2553,4066|12055|12248|12369,1|1|2|1
2554,4068|12056|12243|12370,1|1|3|2
2555,4068|12056|12248|12370,1|1|3|2
2556,4067|12056|12243|12381,1|1|3|2
2557,4067|12056|12248|12381,1|1|3|2
2560,4072|12058|12243|12383,1|1|4|2
2561,4072|12058|12248|12383,1|1|4|2
2562,4069|12058|12243|12384,1|1|4|2
2563,4069|12058|12248|12384,1|1|4|2
2564,4073|12059|12243|12385,1|1|4|2
2565,4073|12059|12248|12385,1|1|4|2
2566,4070|12059|12243|12386,1|1|4|2
2567,4070|12059|12248|12386,1|1|4|2
2568,4071|12060|12243|12387,1|1|4|2
2569,4071|12060|12248|12387,1|1|4|2
2572,4091|12041|12243|12361,1|1|1|1
2573,4091|12041|12248|12361,1|1|1|1
2576,4092|12042|12243|12363,1|1|1|1
2577,4092|12042|12248|12363,1|1|1|1
2580,4093|12043|12243|12365,1|1|1|1
2581,4093|12043|12248|12365,1|1|1|1
2584,4094|12044|12243|12367,1|1|2|1
2585,4094|12044|12248|12367,1|1|2|1
2586,4095|12045|12243|12368,1|1|2|1
2587,4095|12045|12248|12368,1|1|2|1
2588,4096|12045|12243|12369,1|1|2|2
2589,4096|12045|12248|12369,1|1|2|2
2590,4098|12046|12243|12370,1|1|3|2
2591,4098|12046|12248|12370,1|1|3|2
2592,4097|12046|12243|12381,1|1|3|2
2593,4097|12046|12248|12381,1|1|3|2
2596,4102|12048|12243|12383,1|1|4|2
2597,4102|12048|12248|12383,1|1|4|2
2598,4099|12048|12243|12384,1|1|4|2
2599,4099|12048|12248|12384,1|1|4|2
2600,4103|12049|12243|12385,1|1|4|3
2601,4103|12049|12248|12385,1|1|4|3
2602,4100|12049|12243|12386,1|1|4|3
2603,4100|12049|12248|12386,1|1|4|3
2604,4101|12050|12243|12387,1|1|4|3
2605,4101|12050|12248|12387,1|1|4|3
2608,4121|12041|12243|12361,1|1|1|1
2609,4121|12041|12248|12361,1|1|1|1
2612,4122|12042|12243|12363,1|1|1|1
2613,4122|12042|12248|12363,1|1|1|1
2616,4123|12043|12243|12365,1|1|1|1
2617,4123|12043|12248|12365,1|1|1|1
2620,4124|12044|12243|12367,1|1|2|1
2621,4124|12044|12248|12367,1|1|2|1
2622,4125|12045|12243|12368,1|1|2|1
2623,4125|12045|12248|12368,1|1|2|1
2624,4126|12045|12243|12369,1|1|3|2
2625,4126|12045|12248|12369,1|1|3|2
2626,4128|12046|12243|12370,1|1|4|2
2627,4128|12046|12248|12370,1|1|4|2
2628,4127|12046|12243|12381,1|1|4|2
2629,4127|12046|12248|12381,1|1|4|2
2632,4132|12048|12243|12383,1|1|4|3
2633,4132|12048|12248|12383,1|1|4|3
2634,4129|12048|12243|12384,1|1|4|3
2635,4129|12048|12248|12384,1|1|4|3
2636,4133|12049|12243|12385,1|1|5|3
2637,4133|12049|12248|12385,1|1|5|3
2638,4130|12049|12243|12386,1|1|5|3
2639,4130|12049|12248|12386,1|1|5|3
2640,4131|12050|12243|12387,1|1|5|3
2641,4131|12050|12248|12387,1|1|5|3
2644,4002|12051|12243|12361,1|1|1|1
2645,4002|12051|12248|12361,1|1|1|1
2646,4003|12052|12243|12362,1|1|1|1
2647,4003|12052|12248|12362,1|1|1|1
2648,4004|12052|12243|12363,1|1|1|1
2649,4004|12052|12248|12363,1|1|1|1
2650,4005|12053|12243|12364,1|1|1|1
2651,4005|12053|12248|12364,1|1|1|1
2652,4006|12053|12243|12365,1|1|1|1
2653,4006|12053|12248|12365,1|1|1|1
2654,4007|12054|12243|12366,1|1|1|1
2655,4007|12054|12248|12366,1|1|1|1
2656,4008|12054|12243|12367,1|1|1|1
2657,4008|12054|12248|12367,1|1|1|1
2658,4009|12055|12243|12368,1|1|1|1
2659,4009|12055|12248|12368,1|1|1|1
2660,4010|12055|12243|12369,1|1|1|1
2661,4010|12055|12248|12369,1|1|1|1
2662,4011|12056|12243|12370,1|1|1|1
2663,4011|12056|12248|12370,1|1|1|1
2664,4012|12056|12243|12381,1|1|1|1
2665,4012|12056|12248|12381,1|1|1|1
2666,4013|12057|12243|12382,1|1|1|1
2667,4013|12057|12248|12382,1|1|1|1
2668,4014|12058|12243|12383,1|1|1|1
2669,4014|12058|12248|12383,1|1|1|1
2670,4015|12058|12243|12384,1|1|1|1
2671,4015|12058|12248|12384,1|1|1|1
2672,4016|12059|12243|12385,1|1|1|1
2673,4016|12059|12248|12385,1|1|1|1
2674,4017|12059|12243|12386,1|1|2|1
2675,4017|12059|12248|12386,1|1|2|1
2700,5031|12002|12243|12361,1|1|1|1
2701,5031|12002|12248|12361,1|1|1|1
2704,5032|12005|12243|12363,1|1|1|1
2705,5032|12005|12248|12363,1|1|1|1
2708,5033|12006|12243|12365,1|1|1|1
2709,5033|12006|12248|12365,1|1|1|1
2712,5034|12008|12243|12367,1|1|1|1
2713,5034|12008|12248|12367,1|1|1|1
2714,5035|12009|12243|12368,1|1|2|1
2715,5035|12009|12248|12368,1|1|2|1
2716,5036|12010|12243|12369,1|1|2|1
2717,5036|12010|12248|12369,1|1|2|1
2718,5038|12011|12243|12370,1|1|3|2
2719,5038|12011|12248|12370,1|1|3|2
2720,5037|12013|12243|12381,1|1|3|2
2721,5037|12013|12248|12381,1|1|3|2
2724,5042|12015|12243|12383,1|1|3|2
2725,5042|12015|12248|12383,1|1|3|2
2726,5039|12016|12243|12384,1|1|3|2
2727,5039|12016|12248|12384,1|1|3|2
2728,5043|12017|12243|12385,1|1|3|2
2729,5043|12017|12248|12385,1|1|3|2
2730,5040|12018|12243|12386,1|1|3|2
2731,5040|12018|12248|12386,1|1|3|2
2732,5041|12019|12243|12387,1|1|3|2
2733,5041|12019|12248|12387,1|1|3|2
2736,5061|12051|12243|12361,1|1|1|1
2737,5061|12051|12248|12361,1|1|1|1
2740,5062|12052|12243|12363,1|1|1|1
2741,5062|12052|12248|12363,1|1|1|1
2744,5063|12053|12243|12365,1|1|1|1
2745,5063|12053|12248|12365,1|1|1|1
2748,5064|12054|12243|12367,1|1|2|1
2749,5064|12054|12248|12367,1|1|2|1
2750,5065|12055|12243|12368,1|1|2|1
2751,5065|12055|12248|12368,1|1|2|1
2752,5066|12055|12243|12369,1|1|2|1
2753,5066|12055|12248|12369,1|1|2|1
2754,5068|12056|12243|12370,1|1|3|2
2755,5068|12056|12248|12370,1|1|3|2
2756,5067|12056|12243|12381,1|1|3|2
2757,5067|12056|12248|12381,1|1|3|2
2760,5072|12058|12243|12383,1|1|4|2
2761,5072|12058|12248|12383,1|1|4|2
2762,5069|12058|12243|12384,1|1|4|2
2763,5069|12058|12248|12384,1|1|4|2
2764,5073|12059|12243|12385,1|1|4|2
2765,5073|12059|12248|12385,1|1|4|2
2766,5070|12059|12243|12386,1|1|4|2
2767,5070|12059|12248|12386,1|1|4|2
2768,5071|12060|12243|12387,1|1|4|2
2769,5071|12060|12248|12387,1|1|4|2
2772,5091|12041|12243|12361,1|1|1|1
2773,5091|12041|12248|12361,1|1|1|1
2776,5092|12042|12243|12363,1|1|1|1
2777,5092|12042|12248|12363,1|1|1|1
2780,5093|12043|12243|12365,1|1|1|1
2781,5093|12043|12248|12365,1|1|1|1
2784,5094|12044|12243|12367,1|1|2|1
2785,5094|12044|12248|12367,1|1|2|1
2786,5095|12045|12243|12368,1|1|2|1
2787,5095|12045|12248|12368,1|1|2|1
2788,5096|12045|12243|12369,1|1|2|2
2789,5096|12045|12248|12369,1|1|2|2
2790,5098|12046|12243|12370,1|1|3|2
2791,5098|12046|12248|12370,1|1|3|2
2792,5097|12046|12243|12381,1|1|3|2
2793,5097|12046|12248|12381,1|1|3|2
2796,5102|12048|12243|12383,1|1|4|2
2797,5102|12048|12248|12383,1|1|4|2
2798,5099|12048|12243|12384,1|1|4|2
2799,5099|12048|12248|12384,1|1|4|2
2800,5103|12049|12243|12385,1|1|4|3
2801,5103|12049|12248|12385,1|1|4|3
2802,5100|12049|12243|12386,1|1|4|3
2803,5100|12049|12248|12386,1|1|4|3
2804,5101|12050|12243|12387,1|1|4|3
2805,5101|12050|12248|12387,1|1|4|3
2808,5121|12041|12243|12361,1|1|1|1
2809,5121|12041|12248|12361,1|1|1|1
2812,5122|12042|12243|12363,1|1|1|1
2813,5122|12042|12248|12363,1|1|1|1
2816,5123|12043|12243|12365,1|1|1|1
2817,5123|12043|12248|12365,1|1|1|1
2820,5124|12044|12243|12367,1|1|2|1
2821,5124|12044|12248|12367,1|1|2|1
2822,5125|12045|12243|12368,1|1|2|1
2823,5125|12045|12248|12368,1|1|2|1
2824,5126|12045|12243|12369,1|1|3|2
2825,5126|12045|12248|12369,1|1|3|2
2826,5128|12046|12243|12370,1|1|4|2
2827,5128|12046|12248|12370,1|1|4|2
2828,5127|12046|12243|12381,1|1|4|2
2829,5127|12046|12248|12381,1|1|4|2
2832,5132|12048|12243|12383,1|1|4|3
2833,5132|12048|12248|12383,1|1|4|3
2834,5129|12048|12243|12384,1|1|4|3
2835,5129|12048|12248|12384,1|1|4|3
2836,5133|12049|12243|12385,1|1|5|3
2837,5133|12049|12248|12385,1|1|5|3
2838,5130|12049|12243|12386,1|1|5|3
2839,5130|12049|12248|12386,1|1|5|3
2840,5131|12050|12243|12387,1|1|5|3
2841,5131|12050|12248|12387,1|1|5|3
2844,5002|12051|12243|12361,1|1|1|1
2845,5002|12051|12248|12361,1|1|1|1
2846,5003|12052|12243|12362,1|1|1|1
2847,5003|12052|12248|12362,1|1|1|1
2848,5004|12052|12243|12363,1|1|1|1
2849,5004|12052|12248|12363,1|1|1|1
2850,5005|12053|12243|12364,1|1|1|1
2851,5005|12053|12248|12364,1|1|1|1
2852,5006|12053|12243|12365,1|1|1|1
2853,5006|12053|12248|12365,1|1|1|1
2854,5007|12054|12243|12366,1|1|1|1
2855,5007|12054|12248|12366,1|1|1|1
2856,5008|12054|12243|12367,1|1|1|1
2857,5008|12054|12248|12367,1|1|1|1
2858,5009|12055|12243|12368,1|1|1|1
2859,5009|12055|12248|12368,1|1|1|1
2860,5010|12055|12243|12369,1|1|1|1
2861,5010|12055|12248|12369,1|1|1|1
2862,5011|12056|12243|12370,1|1|1|1
2863,5011|12056|12248|12370,1|1|1|1
2864,5012|12056|12243|12381,1|1|1|1
2865,5012|12056|12248|12381,1|1|1|1
2866,5013|12057|12243|12382,1|1|1|1
2867,5013|12057|12248|12382,1|1|1|1
2868,5014|12058|12243|12383,1|1|1|1
2869,5014|12058|12248|12383,1|1|1|1
2870,5015|12058|12243|12384,1|1|1|1
2871,5015|12058|12248|12384,1|1|1|1
2872,5016|12059|12243|12385,1|1|1|1
2873,5016|12059|12248|12385,1|1|1|1
2874,5017|12059|12243|12386,1|1|2|1
2875,5017|12059|12248|12386,1|1|2|1
4000,8004|12001|12250|12361,1|3|1|1
4001,8004|12001|12249|12361,1|3|1|1
4002,8004|12001|12242|12361,1|3|1|1
4003,8004|12001|12245|12361,1|3|1|1
4004,8005|12001|12250|12361,1|4|2|1
4005,8005|12001|12249|12361,1|4|2|1
4006,8005|12001|12242|12361,1|4|2|1
4007,8005|12001|12245|12361,1|4|2|1
4008,8006|12002|12250|12362,1|4|2|2
4009,8006|12002|12249|12362,1|4|2|2
4010,8006|12002|12242|12362,1|4|2|2
4011,8006|12002|12245|12362,1|4|2|2
4012,8007|12003|12250|12363,1|5|3|2
4013,8007|12003|12249|12363,1|5|3|2
4014,8007|12003|12242|12363,1|5|3|2
4015,8007|12003|12245|12363,1|5|3|2
4016,8008|12004|12250|12364,1|6|4|3
4017,8008|12004|12249|12364,1|6|4|3
4018,8008|12004|12242|12364,1|6|4|3
4019,8008|12004|12245|12364,1|6|4|3
4020,8009|12005|12250|12365,1|6|4|3
4021,8009|12005|12249|12365,1|6|4|3
4022,8009|12005|12242|12365,1|6|4|3
4023,8009|12005|12245|12365,1|6|4|3
4024,8010|12006|12250|12366,1|7|6|4
4025,8010|12006|12249|12366,1|7|6|4
4026,8010|12006|12242|12366,1|7|6|4
4027,8010|12006|12245|12366,1|7|6|4
4028,8011|12007|12250|12367,1|9|7|5
4029,8011|12007|12249|12367,1|9|7|5
4030,8011|12007|12242|12367,1|9|7|5
4031,8011|12007|12245|12367,1|9|7|5
4032,8012|12008|12250|12367,1|10|9|6
4033,8012|12008|12249|12367,1|10|9|6
4034,8012|12008|12242|12367,1|10|9|6
4035,8012|12008|12245|12367,1|10|9|6
4036,8013|12009|12250|12368,1|10|10|7
4037,8013|12009|12249|12368,1|10|10|7
4038,8013|12009|12242|12368,1|10|10|7
4039,8013|12009|12245|12368,1|10|10|7
4040,8014|12010|12250|12369,1|10|12|8
4041,8014|12010|12249|12369,1|10|12|8
4042,8014|12010|12242|12369,1|10|12|8
4043,8014|12010|12245|12369,1|10|12|8
4044,8015|12010|12250|12381,1|13|15|10
4045,8015|12010|12249|12381,1|13|15|10
4046,8015|12010|12242|12381,1|13|15|10
4047,8015|12010|12245|12381,1|13|15|10
4048,8016|12011|12250|12382,1|13|17|11
4049,8016|12011|12249|12382,1|13|17|11
4050,8016|12011|12242|12382,1|13|17|11
4051,8016|12011|12245|12382,1|13|17|11
4052,8017|12012|12250|12383,1|15|18|12
4053,8017|12012|12249|12383,1|15|18|12
4054,8017|12012|12242|12383,1|15|18|12
4055,8017|12012|12245|12383,1|15|18|12
4056,8018|12012|12250|12384,1|19|22|14
4057,8018|12012|12249|12384,1|19|22|14
4058,8018|12012|12242|12384,1|19|22|14
4059,8018|12012|12245|12384,1|19|22|14
4060,8019|12013|12250|12385,1|21|24|15
4061,8019|12013|12249|12385,1|21|24|15
4062,8019|12013|12242|12385,1|21|24|15
4063,8019|12013|12245|12385,1|21|24|15
4064,8020|12014|12250|12386,1|22|25|16
4065,8020|12014|12249|12386,1|22|25|16
4066,8020|12014|12242|12386,1|22|25|16
4067,8020|12014|12245|12386,1|22|25|16
4068,8021|12015|12250|12387,1|22|25|17
4069,8021|12015|12249|12387,1|22|25|17
4070,8021|12015|12242|12387,1|22|25|17
4071,8021|12015|12245|12387,1|22|25|17
4072,8022|12017|12250|12388,1|19|22|15
4073,8022|12017|12249|12388,1|19|22|15
4074,8022|12017|12242|12388,1|19|22|15
4075,8022|12017|12245|12388,1|19|22|15
4076,8023|12019|12250|12389,1|16|24|15
4077,8023|12019|12249|12389,1|16|24|15
4078,8023|12019|12242|12389,1|16|24|15
4079,8023|12019|12245|12389,1|16|24|15
4080,8103|12001|12250|12361,1|8|4|3
4081,8103|12001|12249|12361,1|8|4|3
4082,8103|12001|12242|12361,1|8|4|3
4083,8103|12001|12245|12361,1|8|4|3
4084,8104|12002|12250|12362,1|9|5|3
4085,8104|12002|12249|12362,1|9|5|3
4086,8104|12002|12242|12362,1|9|5|3
4087,8104|12002|12245|12362,1|9|5|3
4088,8105|12003|12250|12363,1|10|6|4
4089,8105|12003|12249|12363,1|10|6|4
4090,8105|12003|12242|12363,1|10|6|4
4091,8105|12003|12245|12363,1|10|6|4
4092,8106|12004|12250|12364,1|12|7|5
4093,8106|12004|12249|12364,1|12|7|5
4094,8106|12004|12242|12364,1|12|7|5
4095,8106|12004|12245|12364,1|12|7|5
4096,8107|12005|12250|12365,1|13|9|6
4097,8107|12005|12249|12365,1|13|9|6
4098,8107|12005|12242|12365,1|13|9|6
4099,8107|12005|12245|12365,1|13|9|6
4100,8108|12006|12250|12366,1|14|11|8
4101,8108|12006|12249|12366,1|14|11|8
4102,8108|12006|12242|12366,1|14|11|8
4103,8108|12006|12245|12366,1|14|11|8
4104,8109|12006|12250|12367,1|18|15|10
4105,8109|12006|12249|12367,1|18|15|10
4106,8109|12006|12242|12367,1|18|15|10
4107,8109|12006|12245|12367,1|18|15|10
4108,8110|12007|12250|12367,1|19|17|12
4109,8110|12007|12249|12367,1|19|17|12
4110,8110|12007|12242|12367,1|19|17|12
4111,8110|12007|12245|12367,1|19|17|12
4112,8111|12008|12250|12368,1|20|20|14
4113,8111|12008|12249|12368,1|20|20|14
4114,8111|12008|12242|12368,1|20|20|14
4115,8111|12008|12245|12368,1|20|20|14
4116,8112|12009|12250|12369,1|20|23|15
4117,8112|12009|12249|12369,1|20|23|15
4118,8112|12009|12242|12369,1|20|23|15
4119,8112|12009|12245|12369,1|20|23|15
4120,8113|12009|12250|12381,1|25|29|19
4121,8113|12009|12249|12381,1|25|29|19
4122,8113|12009|12242|12381,1|25|29|19
4123,8113|12009|12245|12381,1|25|29|19
4124,8114|12010|12250|12382,1|26|32|21
4125,8114|12010|12249|12382,1|26|32|21
4126,8114|12010|12242|12382,1|26|32|21
4127,8114|12010|12245|12382,1|26|32|21
4128,8115|12011|12250|12383,1|30|35|23
4129,8115|12011|12249|12383,1|30|35|23
4130,8115|12011|12242|12383,1|30|35|23
4131,8115|12011|12245|12383,1|30|35|23
4132,8116|12011|12250|12384,1|36|43|28
4133,8116|12011|12249|12384,1|36|43|28
4134,8116|12011|12242|12384,1|36|43|28
4135,8116|12011|12245|12384,1|36|43|28
4136,8117|12012|12250|12385,1|41|46|30
4137,8117|12012|12249|12385,1|41|46|30
4138,8117|12012|12242|12385,1|41|46|30
4139,8117|12012|12245|12385,1|41|46|30
4140,8118|12013|12250|12386,1|43|48|31
4141,8118|12013|12249|12386,1|43|48|31
4142,8118|12013|12242|12386,1|43|48|31
4143,8118|12013|12245|12386,1|43|48|31
4144,8119|12014|12250|12387,1|43|49|32
4145,8119|12014|12249|12387,1|43|49|32
4146,8119|12014|12242|12387,1|43|49|32
4147,8119|12014|12245|12387,1|43|49|32
4148,8120|12016|12250|12388,1|37|44|29
4149,8120|12016|12249|12388,1|37|44|29
4150,8120|12016|12242|12388,1|37|44|29
4151,8120|12016|12245|12388,1|37|44|29
4152,8121|12018|12250|12389,1|31|46|29
4153,8121|12018|12249|12389,1|31|46|29
4154,8121|12018|12242|12389,1|31|46|29
4155,8121|12018|12245|12389,1|31|46|29
4156,8431|12002|12250|12362,1|9|4|3
4157,8431|12002|12249|12362,1|9|4|3
4158,8431|12002|12242|12362,1|9|4|3
4159,8431|12002|12245|12362,1|9|4|3
4160,8432|12003|12250|12362,1|10|5|4
4161,8432|12003|12249|12362,1|10|5|4
4162,8432|12003|12242|12362,1|10|5|4
4163,8432|12003|12245|12362,1|10|5|4
4164,8433|12004|12250|12363,1|12|7|5
4165,8433|12004|12249|12363,1|12|7|5
4166,8433|12004|12242|12363,1|12|7|5
4167,8433|12004|12245|12363,1|12|7|5
4168,8434|12005|12250|12364,1|13|9|6
4169,8434|12005|12249|12364,1|13|9|6
4170,8434|12005|12242|12364,1|13|9|6
4171,8434|12005|12245|12364,1|13|9|6
4172,8435|12006|12250|12365,1|15|11|7
4173,8435|12006|12249|12365,1|15|11|7
4174,8435|12006|12242|12365,1|15|11|7
4175,8435|12006|12245|12365,1|15|11|7
4176,8436|12007|12250|12366,1|16|13|9
4177,8436|12007|12249|12366,1|16|13|9
4178,8436|12007|12242|12366,1|16|13|9
4179,8436|12007|12245|12366,1|16|13|9
4180,8437|12008|12250|12367,1|17|15|10
4181,8437|12008|12249|12367,1|17|15|10
4182,8437|12008|12242|12367,1|17|15|10
4183,8437|12008|12245|12367,1|17|15|10
4184,8438|12009|12250|12367,1|22|20|14
4185,8438|12009|12249|12367,1|22|20|14
4186,8438|12009|12242|12367,1|22|20|14
4187,8438|12009|12245|12367,1|22|20|14
4188,8439|12010|12250|12368,1|23|23|16
4189,8439|12010|12249|12368,1|23|23|16
4190,8439|12010|12242|12368,1|23|23|16
4191,8439|12010|12245|12368,1|23|23|16
4192,8440|12011|12250|12369,1|23|27|18
4193,8440|12011|12249|12369,1|23|27|18
4194,8440|12011|12242|12369,1|23|27|18
4195,8440|12011|12245|12369,1|23|27|18
4196,8441|12011|12250|12381,1|29|33|22
4197,8441|12011|12249|12381,1|29|33|22
4198,8441|12011|12242|12381,1|29|33|22
4199,8441|12011|12245|12381,1|29|33|22
4200,8442|12012|12250|12382,1|30|37|25
4201,8442|12012|12249|12382,1|30|37|25
4202,8442|12012|12242|12382,1|30|37|25
4203,8442|12012|12245|12382,1|30|37|25
4204,8443|12013|12250|12383,1|35|41|27
4205,8443|12013|12249|12383,1|35|41|27
4206,8443|12013|12242|12383,1|35|41|27
4207,8443|12013|12245|12383,1|35|41|27
4208,8444|12014|12250|12384,1|39|44|29
4209,8444|12014|12249|12384,1|39|44|29
4210,8444|12014|12242|12384,1|39|44|29
4211,8444|12014|12245|12384,1|39|44|29
4212,8445|12014|12250|12385,1|47|53|34
4213,8445|12014|12249|12385,1|47|53|34
4214,8445|12014|12242|12385,1|47|53|34
4215,8445|12014|12245|12385,1|47|53|34
4216,8446|12015|12250|12386,1|49|55|36
4217,8446|12015|12249|12386,1|49|55|36
4218,8446|12015|12242|12386,1|49|55|36
4219,8446|12015|12245|12386,1|49|55|36
4220,8447|12016|12250|12387,1|49|57|37
4221,8447|12016|12249|12387,1|49|57|37
4222,8447|12016|12242|12387,1|49|57|37
4223,8447|12016|12245|12387,1|49|57|37
4224,8448|12018|12250|12388,1|42|50|34
4225,8448|12018|12249|12388,1|42|50|34
4226,8448|12018|12242|12388,1|42|50|34
4227,8448|12018|12245|12388,1|42|50|34
4228,8449|12020|12250|12389,1|36|53|34
4229,8449|12020|12249|12389,1|36|53|34
4230,8449|12020|12242|12389,1|36|53|34
4231,8449|12020|12245|12389,1|36|53|34
4232,8033|12001|12250|12361,1|3|1|1
4233,8033|12001|12249|12361,1|3|1|1
4234,8033|12001|12242|12361,1|3|1|1
4235,8033|12001|12245|12361,1|3|1|1
4236,8034|12001|12250|12362,1|5|2|1
4237,8034|12001|12249|12362,1|5|2|1
4238,8034|12001|12242|12362,1|5|2|1
4239,8034|12001|12245|12362,1|5|2|1
4240,8035|12002|12250|12362,1|5|3|2
4241,8035|12002|12249|12362,1|5|3|2
4242,8035|12002|12242|12362,1|5|3|2
4243,8035|12002|12245|12362,1|5|3|2
4244,8036|12003|12250|12363,1|6|3|2
4245,8036|12003|12249|12363,1|6|3|2
4246,8036|12003|12242|12363,1|6|3|2
4247,8036|12003|12245|12363,1|6|3|2
4248,8037|12004|12250|12364,1|7|4|3
4249,8037|12004|12249|12364,1|7|4|3
4250,8037|12004|12242|12364,1|7|4|3
4251,8037|12004|12245|12364,1|7|4|3
4252,8038|12005|12250|12365,1|7|5|4
4253,8038|12005|12249|12365,1|7|5|4
4254,8038|12005|12242|12365,1|7|5|4
4255,8038|12005|12245|12365,1|7|5|4
4256,8039|12006|12250|12366,1|8|6|4
4257,8039|12006|12249|12366,1|8|6|4
4258,8039|12006|12242|12366,1|8|6|4
4259,8039|12006|12245|12366,1|8|6|4
4260,8040|12007|12250|12367,1|8|7|5
4261,8040|12007|12249|12367,1|8|7|5
4262,8040|12007|12242|12367,1|8|7|5
4263,8040|12007|12245|12367,1|8|7|5
4264,8041|12007|12250|12367,1|10|9|6
4265,8041|12007|12249|12367,1|10|9|6
4266,8041|12007|12242|12367,1|10|9|6
4267,8041|12007|12245|12367,1|10|9|6
4268,8042|12008|12250|12368,1|11|11|7
4269,8042|12008|12249|12368,1|11|11|7
4270,8042|12008|12242|12368,1|11|11|7
4271,8042|12008|12245|12368,1|11|11|7
4272,8043|12009|12250|12369,1|11|12|8
4273,8043|12009|12249|12369,1|11|12|8
4274,8043|12009|12242|12369,1|11|12|8
4275,8043|12009|12245|12369,1|11|12|8
4276,8044|12009|12250|12381,1|13|15|10
4277,8044|12009|12249|12381,1|13|15|10
4278,8044|12009|12242|12381,1|13|15|10
4279,8044|12009|12245|12381,1|13|15|10
4280,8045|12010|12250|12382,1|14|17|11
4281,8045|12010|12249|12382,1|14|17|11
4282,8045|12010|12242|12382,1|14|17|11
4283,8045|12010|12245|12382,1|14|17|11
4284,8046|12011|12250|12383,1|16|18|12
4285,8046|12011|12249|12383,1|16|18|12
4286,8046|12011|12242|12383,1|16|18|12
4287,8046|12011|12245|12383,1|16|18|12
4288,8047|12011|12250|12384,1|19|22|14
4289,8047|12011|12249|12384,1|19|22|14
4290,8047|12011|12242|12384,1|19|22|14
4291,8047|12011|12245|12384,1|19|22|14
4292,8048|12012|12250|12385,1|21|23|15
4293,8048|12012|12249|12385,1|21|23|15
4294,8048|12012|12242|12385,1|21|23|15
4295,8048|12012|12245|12385,1|21|23|15
4296,8049|12013|12250|12386,1|21|24|16
4297,8049|12013|12249|12386,1|21|24|16
4298,8049|12013|12242|12386,1|21|24|16
4299,8049|12013|12245|12386,1|21|24|16
4300,8050|12014|12250|12387,1|21|24|16
4301,8050|12014|12249|12387,1|21|24|16
4302,8050|12014|12242|12387,1|21|24|16
4303,8050|12014|12245|12387,1|21|24|16
4304,8051|12016|12250|12388,1|18|21|14
4305,8051|12016|12249|12388,1|18|21|14
4306,8051|12016|12242|12388,1|18|21|14
4307,8051|12016|12245|12388,1|18|21|14
4308,8052|12018|12250|12389,1|15|22|14
4309,8052|12018|12249|12389,1|15|22|14
4310,8052|12018|12242|12389,1|15|22|14
4311,8052|12018|12245|12389,1|15|22|14
4312,8149|12001|12250|12361,1|2|1|1
4313,8149|12001|12249|12361,1|2|1|1
4314,8149|12001|12242|12361,1|2|1|1
4315,8149|12001|12245|12361,1|2|1|1
4316,8132|12001|12250|12362,1|3|1|1
4317,8132|12001|12249|12362,1|3|1|1
4318,8132|12001|12242|12362,1|3|1|1
4319,8132|12001|12245|12362,1|3|1|1
4320,8133|12002|12250|12362,1|3|2|1
4321,8133|12002|12249|12362,1|3|2|1
4322,8133|12002|12242|12362,1|3|2|1
4323,8133|12002|12245|12362,1|3|2|1
4324,8134|12003|12250|12363,1|4|2|2
4325,8134|12003|12249|12363,1|4|2|2
4326,8134|12003|12242|12363,1|4|2|2
4327,8134|12003|12245|12363,1|4|2|2
4328,8135|12004|12250|12364,1|5|3|2
4329,8135|12004|12249|12364,1|5|3|2
4330,8135|12004|12242|12364,1|5|3|2
4331,8135|12004|12245|12364,1|5|3|2
4332,8136|12005|12250|12365,1|5|3|2
4333,8136|12005|12249|12365,1|5|3|2
4334,8136|12005|12242|12365,1|5|3|2
4335,8136|12005|12245|12365,1|5|3|2
4336,8137|12006|12250|12366,1|5|4|3
4337,8137|12006|12249|12366,1|5|4|3
4338,8137|12006|12242|12366,1|5|4|3
4339,8137|12006|12245|12366,1|5|4|3
4340,8138|12007|12250|12367,1|6|5|3
4341,8138|12007|12249|12367,1|6|5|3
4342,8138|12007|12242|12367,1|6|5|3
4343,8138|12007|12245|12367,1|6|5|3
4344,8139|12007|12250|12367,1|7|7|4
4345,8139|12007|12249|12367,1|7|7|4
4346,8139|12007|12242|12367,1|7|7|4
4347,8139|12007|12245|12367,1|7|7|4
4348,8140|12008|12250|12368,1|7|8|5
4349,8140|12008|12249|12368,1|7|8|5
4350,8140|12008|12242|12368,1|7|8|5
4351,8140|12008|12245|12368,1|7|8|5
4352,8141|12009|12250|12369,1|8|9|6
4353,8141|12009|12249|12369,1|8|9|6
4354,8141|12009|12242|12369,1|8|9|6
4355,8141|12009|12245|12369,1|8|9|6
4356,8142|12009|12250|12381,1|10|11|7
4357,8142|12009|12249|12381,1|10|11|7
4358,8142|12009|12242|12381,1|10|11|7
4359,8142|12009|12245|12381,1|10|11|7
4360,8143|12010|12250|12381,1|10|12|8
4361,8143|12010|12249|12381,1|10|12|8
4362,8143|12010|12242|12381,1|10|12|8
4363,8143|12010|12245|12381,1|10|12|8
4364,8144|12011|12250|12382,1|11|13|8
4365,8144|12011|12249|12382,1|11|13|8
4366,8144|12011|12242|12382,1|11|13|8
4367,8144|12011|12245|12382,1|11|13|8
4368,8145|12011|12250|12383,1|13|16|10
4369,8145|12011|12249|12383,1|13|16|10
4370,8145|12011|12242|12383,1|13|16|10
4371,8145|12011|12245|12383,1|13|16|10
4372,8146|12012|12250|12384,1|15|17|11
4373,8146|12012|12249|12384,1|15|17|11
4374,8146|12012|12242|12384,1|15|17|11
4375,8146|12012|12245|12384,1|15|17|11
4376,8147|12013|12250|12385,1|15|17|11
4377,8147|12013|12249|12385,1|15|17|11
4378,8147|12013|12242|12385,1|15|17|11
4379,8147|12013|12245|12385,1|15|17|11
4380,8148|12014|12250|12386,1|15|17|11
4381,8148|12014|12249|12386,1|15|17|11
4382,8148|12014|12242|12386,1|15|17|11
4383,8148|12014|12245|12386,1|15|17|11
4384,8150|12015|12250|12387,1|14|17|11
4385,8150|12015|12249|12387,1|14|17|11
4386,8150|12015|12242|12387,1|14|17|11
4387,8150|12015|12245|12387,1|14|17|11
4388,8151|12016|12250|12388,1|14|17|11
4389,8151|12016|12249|12388,1|14|17|11
4390,8151|12016|12242|12388,1|14|17|11
4391,8151|12016|12245|12388,1|14|17|11
4392,8152|12018|12250|12389,1|12|17|11
4393,8152|12018|12249|12389,1|12|17|11
4394,8152|12018|12242|12389,1|12|17|11
4395,8152|12018|12245|12389,1|12|17|11
4396,8163|12001|12250|12361,1|4|2|1
4397,8163|12001|12249|12361,1|4|2|1
4398,8163|12001|12242|12361,1|4|2|1
4399,8163|12001|12245|12361,1|4|2|1
4400,8164|12002|12250|12362,1|5|2|2
4401,8164|12002|12249|12362,1|5|2|2
4402,8164|12002|12242|12362,1|5|2|2
4403,8164|12002|12245|12362,1|5|2|2
4404,8165|12002|12250|12363,1|7|3|3
4405,8165|12002|12249|12363,1|7|3|3
4406,8165|12002|12242|12363,1|7|3|3
4407,8165|12002|12245|12363,1|7|3|3
4408,8166|12003|12250|12363,1|8|4|3
4409,8166|12003|12249|12363,1|8|4|3
4410,8166|12003|12242|12363,1|8|4|3
4411,8166|12003|12245|12363,1|8|4|3
4412,8167|12004|12250|12364,1|9|6|4
4413,8167|12004|12249|12364,1|9|6|4
4414,8167|12004|12242|12364,1|9|6|4
4415,8167|12004|12245|12364,1|9|6|4
4416,8168|12005|12250|12365,1|10|7|5
4417,8168|12005|12249|12365,1|10|7|5
4418,8168|12005|12242|12365,1|10|7|5
4419,8168|12005|12245|12365,1|10|7|5
4420,8169|12006|12250|12366,1|10|8|6
4421,8169|12006|12249|12366,1|10|8|6
4422,8169|12006|12242|12366,1|10|8|6
4423,8169|12006|12245|12366,1|10|8|6
4424,8170|12007|12250|12367,1|11|10|7
4425,8170|12007|12249|12367,1|11|10|7
4426,8170|12007|12242|12367,1|11|10|7
4427,8170|12007|12245|12367,1|11|10|7
4428,8171|12007|12250|12368,1|14|13|9
4429,8171|12007|12249|12368,1|14|13|9
4430,8171|12007|12242|12368,1|14|13|9
4431,8171|12007|12245|12368,1|14|13|9
4432,8172|12008|12250|12368,1|14|14|10
4433,8172|12008|12249|12368,1|14|14|10
4434,8172|12008|12242|12368,1|14|14|10
4435,8172|12008|12245|12368,1|14|14|10
4436,8173|12009|12250|12369,1|14|16|11
4437,8173|12009|12249|12369,1|14|16|11
4438,8173|12009|12242|12369,1|14|16|11
4439,8173|12009|12245|12369,1|14|16|11
4440,8174|12010|12250|12381,1|15|18|12
4441,8174|12010|12249|12381,1|15|18|12
4442,8174|12010|12242|12381,1|15|18|12
4443,8174|12010|12245|12381,1|15|18|12
4444,8175|12010|12250|12381,1|18|22|15
4445,8175|12010|12249|12381,1|18|22|15
4446,8175|12010|12242|12381,1|18|22|15
4447,8175|12010|12245|12381,1|18|22|15
4448,8176|12011|12250|12382,1|21|24|16
4449,8176|12011|12249|12382,1|21|24|16
4450,8176|12011|12242|12382,1|21|24|16
4451,8176|12011|12245|12382,1|21|24|16
4452,8177|12012|12250|12383,1|23|26|17
4453,8177|12012|12249|12383,1|23|26|17
4454,8177|12012|12242|12383,1|23|26|17
4455,8177|12012|12245|12383,1|23|26|17
4456,8178|12012|12250|12384,1|27|31|20
4457,8178|12012|12249|12384,1|27|31|20
4458,8178|12012|12242|12384,1|27|31|20
4459,8178|12012|12245|12384,1|27|31|20
4460,8179|12013|12250|12385,1|28|32|21
4461,8179|12013|12249|12385,1|28|32|21
4462,8179|12013|12242|12385,1|28|32|21
4463,8179|12013|12245|12385,1|28|32|21
4464,8180|12014|12250|12386,1|28|32|21
4465,8180|12014|12249|12386,1|28|32|21
4466,8180|12014|12242|12386,1|28|32|21
4467,8180|12014|12245|12386,1|28|32|21
4468,8182|12014|12250|12387,1|31|36|24
4469,8182|12014|12249|12387,1|31|36|24
4470,8182|12014|12242|12387,1|31|36|24
4471,8182|12014|12245|12387,1|31|36|24
4472,8183|12016|12250|12388,1|26|31|21
4473,8183|12016|12249|12388,1|26|31|21
4474,8183|12016|12242|12388,1|26|31|21
4475,8183|12016|12245|12388,1|26|31|21
4476,8184|12018|12250|12389,1|22|32|20
4477,8184|12018|12249|12389,1|22|32|20
4478,8184|12018|12242|12389,1|22|32|20
4479,8184|12018|12245|12389,1|22|32|20
4480,8402|12001|12250|12361,1|3|1|1
4481,8402|12001|12249|12361,1|3|1|1
4482,8402|12001|12242|12361,1|3|1|1
4483,8402|12001|12245|12361,1|3|1|1
4484,8403|12001|12250|12361,1|5|2|1
4485,8403|12001|12249|12361,1|5|2|1
4486,8403|12001|12242|12361,1|5|2|1
4487,8403|12001|12245|12361,1|5|2|1
4488,8404|12002|12250|12362,1|5|3|2
4489,8404|12002|12249|12362,1|5|3|2
4490,8404|12002|12242|12362,1|5|3|2
4491,8404|12002|12245|12362,1|5|3|2
4492,8405|12003|12250|12363,1|6|3|2
4493,8405|12003|12249|12363,1|6|3|2
4494,8405|12003|12242|12363,1|6|3|2
4495,8405|12003|12245|12363,1|6|3|2
4496,8406|12004|12250|12364,1|7|4|3
4497,8406|12004|12249|12364,1|7|4|3
4498,8406|12004|12242|12364,1|7|4|3
4499,8406|12004|12245|12364,1|7|4|3
4500,8407|12005|12250|12365,1|7|5|4
4501,8407|12005|12249|12365,1|7|5|4
4502,8407|12005|12242|12365,1|7|5|4
4503,8407|12005|12245|12365,1|7|5|4
4504,8408|12006|12250|12366,1|8|6|4
4505,8408|12006|12249|12366,1|8|6|4
4506,8408|12006|12242|12366,1|8|6|4
4507,8408|12006|12245|12366,1|8|6|4
4508,8409|12006|12250|12367,1|10|8|6
4509,8409|12006|12249|12367,1|10|8|6
4510,8409|12006|12242|12367,1|10|8|6
4511,8409|12006|12245|12367,1|10|8|6
4512,8410|12007|12250|12367,1|11|10|7
4513,8410|12007|12249|12367,1|11|10|7
4514,8410|12007|12242|12367,1|11|10|7
4515,8410|12007|12245|12367,1|11|10|7
4516,8411|12008|12250|12368,1|11|11|8
4517,8411|12008|12249|12368,1|11|11|8
4518,8411|12008|12242|12368,1|11|11|8
4519,8411|12008|12245|12368,1|11|11|8
4520,8412|12009|12250|12369,1|11|13|8
4521,8412|12009|12249|12369,1|11|13|8
4522,8412|12009|12242|12369,1|11|13|8
4523,8412|12009|12245|12369,1|11|13|8
4524,8413|12009|12250|12381,1|14|16|11
4525,8413|12009|12249|12381,1|14|16|11
4526,8413|12009|12242|12381,1|14|16|11
4527,8413|12009|12245|12381,1|14|16|11
4528,8414|12010|12250|12382,1|14|17|11
4529,8414|12010|12249|12382,1|14|17|11
4530,8414|12010|12242|12382,1|14|17|11
4531,8414|12010|12245|12382,1|14|17|11
4532,8415|12011|12250|12383,1|16|19|12
4533,8415|12011|12249|12383,1|16|19|12
4534,8415|12011|12242|12383,1|16|19|12
4535,8415|12011|12245|12383,1|16|19|12
4536,8416|12011|12250|12384,1|19|23|15
4537,8416|12011|12249|12384,1|19|23|15
4538,8416|12011|12242|12384,1|19|23|15
4539,8416|12011|12245|12384,1|19|23|15
4540,8417|12012|12250|12385,1|21|24|16
4541,8417|12012|12249|12385,1|21|24|16
4542,8417|12012|12242|12385,1|21|24|16
4543,8417|12012|12245|12385,1|21|24|16
4544,8418|12013|12250|12386,1|22|25|16
4545,8418|12013|12249|12386,1|22|25|16
4546,8418|12013|12242|12386,1|22|25|16
4547,8418|12013|12245|12386,1|22|25|16
4548,8419|12014|12250|12387,1|22|25|16
4549,8419|12014|12249|12387,1|22|25|16
4550,8419|12014|12242|12387,1|22|25|16
4551,8419|12014|12245|12387,1|22|25|16
4552,8420|12016|12250|12388,1|18|22|15
4553,8420|12016|12249|12388,1|18|22|15
4554,8420|12016|12242|12388,1|18|22|15
4555,8420|12016|12245|12388,1|18|22|15
4556,8421|12018|12250|12389,1|15|23|14
4557,8421|12018|12249|12389,1|15|23|14
4558,8421|12018|12242|12389,1|15|23|14
4559,8421|12018|12245|12389,1|15|23|14
4560,8061|12031|12250|12363,1|10|5|4
4561,8061|12031|12249|12363,1|10|5|4
4562,8061|12031|12242|12363,1|10|5|4
4563,8061|12031|12245|12363,1|10|5|4
4564,8062|12032|12250|12364,1|12|7|5
4565,8062|12032|12249|12364,1|12|7|5
4566,8062|12032|12242|12364,1|12|7|5
4567,8062|12032|12245|12364,1|12|7|5
4568,8063|12032|12250|12365,1|14|9|6
4569,8063|12032|12249|12365,1|14|9|6
4570,8063|12032|12242|12365,1|14|9|6
4571,8063|12032|12245|12365,1|14|9|6
4572,8064|12033|12250|12366,1|15|11|8
4573,8064|12033|12249|12366,1|15|11|8
4574,8064|12033|12242|12366,1|15|11|8
4575,8064|12033|12245|12366,1|15|11|8
4576,8065|12033|12250|12367,1|16|13|9
4577,8065|12033|12249|12367,1|16|13|9
4578,8065|12033|12242|12367,1|16|13|9
4579,8065|12033|12245|12367,1|16|13|9
4580,8066|12034|12250|12368,1|16|15|10
4581,8066|12034|12249|12368,1|16|15|10
4582,8066|12034|12242|12368,1|16|15|10
4583,8066|12034|12245|12368,1|16|15|10
4584,8067|12034|12250|12369,1|17|17|12
4585,8067|12034|12249|12369,1|17|17|12
4586,8067|12034|12242|12369,1|17|17|12
4587,8067|12034|12245|12369,1|17|17|12
4588,8068|12035|12250|12381,1|17|19|13
4589,8068|12035|12249|12381,1|17|19|13
4590,8068|12035|12242|12381,1|17|19|13
4591,8068|12035|12245|12381,1|17|19|13
4592,8069|12035|12250|12382,1|21|24|16
4593,8069|12035|12249|12382,1|21|24|16
4594,8069|12035|12242|12382,1|21|24|16
4595,8069|12035|12245|12382,1|21|24|16
4596,8070|12035|12250|12383,1|21|26|17
4597,8070|12035|12249|12383,1|21|26|17
4598,8070|12035|12242|12383,1|21|26|17
4599,8070|12035|12245|12383,1|21|26|17
4600,8071|12036|12250|12384,1|23|27|18
4601,8071|12036|12249|12384,1|23|27|18
4602,8071|12036|12242|12384,1|23|27|18
4603,8071|12036|12245|12384,1|23|27|18
4640,8203|12031|12250|12361,1|4|1|1
4641,8203|12031|12249|12361,1|4|1|1
4642,8203|12031|12242|12361,1|4|1|1
4643,8203|12031|12245|12361,1|4|1|1
4644,8204|12031|12250|12361,1|5|2|2
4645,8204|12031|12249|12361,1|5|2|2
4646,8204|12031|12242|12361,1|5|2|2
4647,8204|12031|12245|12361,1|5|2|2
4648,8205|12031|12250|12362,1|6|3|2
4649,8205|12031|12249|12362,1|6|3|2
4650,8205|12031|12242|12362,1|6|3|2
4651,8205|12031|12245|12362,1|6|3|2
4652,8206|12032|12250|12363,1|6|4|3
4653,8206|12032|12249|12363,1|6|4|3
4654,8206|12032|12242|12363,1|6|4|3
4655,8206|12032|12245|12363,1|6|4|3
4656,8207|12032|12250|12364,1|7|5|3
4657,8207|12032|12249|12364,1|7|5|3
4658,8207|12032|12242|12364,1|7|5|3
4659,8207|12032|12245|12364,1|7|5|3
4660,8208|12033|12250|12365,1|8|6|4
4661,8208|12033|12249|12365,1|8|6|4
4662,8208|12033|12242|12365,1|8|6|4
4663,8208|12033|12245|12365,1|8|6|4
4664,8209|12033|12250|12366,1|9|7|5
4665,8209|12033|12249|12366,1|9|7|5
4666,8209|12033|12242|12366,1|9|7|5
4667,8209|12033|12245|12366,1|9|7|5
4668,8210|12033|12250|12367,1|11|9|6
4669,8210|12033|12249|12367,1|11|9|6
4670,8210|12033|12242|12367,1|11|9|6
4671,8210|12033|12245|12367,1|11|9|6
4672,8211|12034|12250|12367,1|11|11|7
4673,8211|12034|12249|12367,1|11|11|7
4674,8211|12034|12242|12367,1|11|11|7
4675,8211|12034|12245|12367,1|11|11|7
4676,8212|12034|12250|12368,1|12|12|8
4677,8212|12034|12249|12368,1|12|12|8
4678,8212|12034|12242|12368,1|12|12|8
4679,8212|12034|12245|12368,1|12|12|8
4680,8213|12035|12250|12369,1|12|14|9
4681,8213|12035|12249|12369,1|12|14|9
4682,8213|12035|12242|12369,1|12|14|9
4683,8213|12035|12245|12369,1|12|14|9
4684,8214|12035|12250|12381,1|15|17|11
4685,8214|12035|12249|12381,1|15|17|11
4686,8214|12035|12242|12381,1|15|17|11
4687,8214|12035|12245|12381,1|15|17|11
4688,8215|12035|12250|12382,1|15|19|12
4689,8215|12035|12249|12382,1|15|19|12
4690,8215|12035|12242|12382,1|15|19|12
4691,8215|12035|12245|12382,1|15|19|12
4692,8216|12036|12250|12383,1|17|20|13
4693,8216|12036|12249|12383,1|17|20|13
4694,8216|12036|12242|12383,1|17|20|13
4695,8216|12036|12245|12383,1|17|20|13
4696,8217|12036|12250|12384,1|21|24|16
4697,8217|12036|12249|12384,1|21|24|16
4698,8217|12036|12242|12384,1|21|24|16
4699,8217|12036|12245|12384,1|21|24|16
4700,8218|12036|12250|12385,1|23|26|17
4701,8218|12036|12249|12385,1|23|26|17
4702,8218|12036|12242|12385,1|23|26|17
4703,8218|12036|12245|12385,1|23|26|17
4704,8219|12037|12250|12386,1|24|27|17
4705,8219|12037|12249|12386,1|24|27|17
4706,8219|12037|12242|12386,1|24|27|17
4707,8219|12037|12245|12386,1|24|27|17
4708,8220|12037|12250|12387,1|23|27|18
4709,8220|12037|12249|12387,1|23|27|18
4710,8220|12037|12242|12387,1|23|27|18
4711,8220|12037|12245|12387,1|23|27|18
4712,8221|12038|12250|12388,1|20|24|16
4713,8221|12038|12249|12388,1|20|24|16
4714,8221|12038|12242|12388,1|20|24|16
4715,8221|12038|12245|12388,1|20|24|16
4716,8222|12039|12250|12389,1|17|25|15
4717,8222|12039|12249|12389,1|17|25|15
4718,8222|12039|12242|12389,1|17|25|15
4719,8222|12039|12245|12389,1|17|25|15
4720,8302|12031|12250|12361,1|5|2|1
4721,8302|12031|12249|12361,1|5|2|1
4722,8302|12031|12242|12361,1|5|2|1
4723,8302|12031|12245|12361,1|5|2|1
4724,8303|12031|12250|12361,1|6|3|2
4725,8303|12031|12249|12361,1|6|3|2
4726,8303|12031|12242|12361,1|6|3|2
4727,8303|12031|12245|12361,1|6|3|2
4728,8304|12031|12250|12362,1|7|4|3
4729,8304|12031|12249|12362,1|7|4|3
4730,8304|12031|12242|12362,1|7|4|3
4731,8304|12031|12245|12362,1|7|4|3
4732,8305|12032|12250|12363,1|8|5|3
4733,8305|12032|12249|12363,1|8|5|3
4734,8305|12032|12242|12363,1|8|5|3
4735,8305|12032|12245|12363,1|8|5|3
4736,8306|12032|12250|12364,1|9|6|4
4737,8306|12032|12249|12364,1|9|6|4
4738,8306|12032|12242|12364,1|9|6|4
4739,8306|12032|12245|12364,1|9|6|4
4740,8307|12033|12250|12365,1|10|7|5
4741,8307|12033|12249|12365,1|10|7|5
4742,8307|12033|12242|12365,1|10|7|5
4743,8307|12033|12245|12365,1|10|7|5
4744,8308|12033|12250|12366,1|11|9|6
4745,8308|12033|12249|12366,1|11|9|6
4746,8308|12033|12242|12366,1|11|9|6
4747,8308|12033|12245|12366,1|11|9|6
4748,8309|12033|12250|12367,1|14|11|8
4749,8309|12033|12249|12367,1|14|11|8
4750,8309|12033|12242|12367,1|14|11|8
4751,8309|12033|12245|12367,1|14|11|8
4752,8310|12034|12250|12367,1|14|13|9
4753,8310|12034|12249|12367,1|14|13|9
4754,8310|12034|12242|12367,1|14|13|9
4755,8310|12034|12245|12367,1|14|13|9
4756,8311|12034|12250|12368,1|15|15|10
4757,8311|12034|12249|12368,1|15|15|10
4758,8311|12034|12242|12368,1|15|15|10
4759,8311|12034|12245|12368,1|15|15|10
4760,8312|12010|12250|12369,1|15|17|11
4761,8312|12010|12249|12369,1|15|17|11
4762,8312|12010|12242|12369,1|15|17|11
4763,8312|12010|12245|12369,1|15|17|11
4764,8313|12010|12250|12381,1|19|21|14
4765,8313|12010|12249|12381,1|19|21|14
4766,8313|12010|12242|12381,1|19|21|14
4767,8313|12010|12245|12381,1|19|21|14
4768,8314|12012|12250|12382,1|19|23|15
4769,8314|12012|12249|12382,1|19|23|15
4770,8314|12012|12242|12382,1|19|23|15
4771,8314|12012|12245|12382,1|19|23|15
4772,8315|12013|12250|12383,1|21|25|17
4773,8315|12013|12249|12383,1|21|25|17
4774,8315|12013|12242|12383,1|21|25|17
4775,8315|12013|12245|12383,1|21|25|17
4776,8316|12013|12250|12383,1|26|30|20
4777,8316|12013|12249|12383,1|26|30|20
4778,8316|12013|12242|12383,1|26|30|20
4779,8316|12013|12245|12383,1|26|30|20
4780,8317|12014|12250|12384,1|28|32|21
4781,8317|12014|12249|12384,1|28|32|21
4782,8317|12014|12242|12384,1|28|32|21
4783,8317|12014|12245|12384,1|28|32|21
4784,8318|12015|12250|12385,1|29|33|21
4785,8318|12015|12249|12385,1|29|33|21
4786,8318|12015|12242|12385,1|29|33|21
4787,8318|12015|12245|12385,1|29|33|21
4788,8319|12016|12250|12386,1|29|34|22
4789,8319|12016|12249|12386,1|29|34|22
4790,8319|12016|12242|12386,1|29|34|22
4791,8319|12016|12245|12386,1|29|34|22
4792,8320|12017|12250|12387,1|27|33|22
4793,8320|12017|12249|12387,1|27|33|22
4794,8320|12017|12242|12387,1|27|33|22
4795,8320|12017|12245|12387,1|27|33|22
4796,8321|12018|12250|12388,1|27|33|22
4797,8321|12018|12249|12388,1|27|33|22
4798,8321|12018|12242|12388,1|27|33|22
4799,8321|12018|12245|12388,1|27|33|22
4800,8322|12020|12250|12389,1|23|34|21
4801,8322|12020|12249|12389,1|23|34|21
4802,8322|12020|12242|12389,1|23|34|21
4803,8322|12020|12245|12389,1|23|34|21
4804,8332|12031|12250|12361,1|4|2|1
4805,8332|12031|12249|12361,1|4|2|1
4806,8332|12031|12242|12361,1|4|2|1
4807,8332|12031|12245|12361,1|4|2|1
4808,8333|12031|12250|12362,1|5|2|2
4809,8333|12031|12249|12362,1|5|2|2
4810,8333|12031|12242|12362,1|5|2|2
4811,8333|12031|12245|12362,1|5|2|2
4812,8334|12031|12250|12362,1|6|3|2
4813,8334|12031|12249|12362,1|6|3|2
4814,8334|12031|12242|12362,1|6|3|2
4815,8334|12031|12245|12362,1|6|3|2
4816,8335|12032|12250|12363,1|7|4|3
4817,8335|12032|12249|12363,1|7|4|3
4818,8335|12032|12242|12363,1|7|4|3
4819,8335|12032|12245|12363,1|7|4|3
4820,8336|12032|12250|12364,1|8|5|3
4821,8336|12032|12249|12364,1|8|5|3
4822,8336|12032|12242|12364,1|8|5|3
4823,8336|12032|12245|12364,1|8|5|3
4824,8337|12033|12250|12365,1|8|6|4
4825,8337|12033|12249|12365,1|8|6|4
4826,8337|12033|12242|12365,1|8|6|4
4827,8337|12033|12245|12365,1|8|6|4
4828,8338|12033|12250|12366,1|9|7|5
4829,8338|12033|12249|12366,1|9|7|5
4830,8338|12033|12242|12366,1|9|7|5
4831,8338|12033|12245|12366,1|9|7|5
4832,8339|12034|12250|12367,1|9|9|6
4833,8339|12034|12249|12367,1|9|9|6
4834,8339|12034|12242|12367,1|9|9|6
4835,8339|12034|12245|12367,1|9|9|6
4836,8340|12034|12250|12368,1|12|11|8
4837,8340|12034|12249|12368,1|12|11|8
4838,8340|12034|12242|12368,1|12|11|8
4839,8340|12034|12245|12368,1|12|11|8
4840,8341|12034|12250|12369,1|12|13|9
4841,8341|12034|12249|12369,1|12|13|9
4842,8341|12034|12242|12369,1|12|13|9
4843,8341|12034|12245|12369,1|12|13|9
4844,8342|12035|12250|12381,1|13|14|10
4845,8342|12035|12249|12381,1|13|14|10
4846,8342|12035|12242|12381,1|13|14|10
4847,8342|12035|12245|12381,1|13|14|10
4848,8343|12010|12250|12382,1|16|18|12
4849,8343|12010|12249|12382,1|16|18|12
4850,8343|12010|12242|12382,1|16|18|12
4851,8343|12010|12245|12382,1|16|18|12
4852,8344|12012|12250|12383,1|16|20|13
4853,8344|12012|12249|12383,1|16|20|13
4854,8344|12012|12242|12383,1|16|20|13
4855,8344|12012|12245|12383,1|16|20|13
4856,8345|12013|12250|12384,1|18|22|14
4857,8345|12013|12249|12384,1|18|22|14
4858,8345|12013|12242|12384,1|18|22|14
4859,8345|12013|12245|12384,1|18|22|14
4860,8346|12013|12250|12385,1|22|26|17
4861,8346|12013|12249|12385,1|22|26|17
4862,8346|12013|12242|12385,1|22|26|17
4863,8346|12013|12245|12385,1|22|26|17
4864,8347|12014|12250|12386,1|24|27|18
4865,8347|12014|12249|12386,1|24|27|18
4866,8347|12014|12242|12386,1|24|27|18
4867,8347|12014|12245|12386,1|24|27|18
4868,8348|12015|12250|12387,1|25|28|18
4869,8348|12015|12249|12387,1|25|28|18
4870,8348|12015|12242|12387,1|25|28|18
4871,8348|12015|12245|12387,1|25|28|18
4872,8349|12018|12250|12388,1|18|22|15
4873,8349|12018|12249|12388,1|18|22|15
4874,8349|12018|12242|12388,1|18|22|15
4875,8349|12018|12245|12388,1|18|22|15
4876,8350|12020|12250|12389,1|16|23|15
4877,8350|12020|12249|12389,1|16|23|15
4878,8350|12020|12242|12389,1|16|23|15
4879,8350|12020|12245|12389,1|16|23|15
4880,8232|12001|12250|12361,1|5|2|1
4881,8232|12001|12249|12361,1|5|2|1
4882,8232|12001|12242|12361,1|5|2|1
4883,8232|12001|12245|12361,1|5|2|1
4884,8233|12001|12250|12361,1|7|3|2
4885,8233|12001|12249|12361,1|7|3|2
4886,8233|12001|12242|12361,1|7|3|2
4887,8233|12001|12245|12361,1|7|3|2
4888,8234|12002|12250|12362,1|7|4|3
4889,8234|12002|12249|12362,1|7|4|3
4890,8234|12002|12242|12362,1|7|4|3
4891,8234|12002|12245|12362,1|7|4|3
4892,8235|12003|12250|12363,1|8|5|3
4893,8235|12003|12249|12363,1|8|5|3
4894,8235|12003|12242|12363,1|8|5|3
4895,8235|12003|12245|12363,1|8|5|3
4896,8236|12004|12250|12364,1|9|6|4
4897,8236|12004|12249|12364,1|9|6|4
4898,8236|12004|12242|12364,1|9|6|4
4899,8236|12004|12245|12364,1|9|6|4
4900,8237|12005|12250|12365,1|10|7|5
4901,8237|12005|12249|12365,1|10|7|5
4902,8237|12005|12242|12365,1|10|7|5
4903,8237|12005|12245|12365,1|10|7|5
4904,8238|12006|12250|12366,1|11|9|6
4905,8238|12006|12249|12366,1|11|9|6
4906,8238|12006|12242|12366,1|11|9|6
4907,8238|12006|12245|12366,1|11|9|6
4908,8239|12006|12250|12367,1|14|12|8
4909,8239|12006|12249|12367,1|14|12|8
4910,8239|12006|12242|12367,1|14|12|8
4911,8239|12006|12245|12367,1|14|12|8
4912,8240|12007|12250|12367,1|15|13|9
4913,8240|12007|12249|12367,1|15|13|9
4914,8240|12007|12242|12367,1|15|13|9
4915,8240|12007|12245|12367,1|15|13|9
4916,8241|12008|12250|12368,1|15|16|10
4917,8241|12008|12249|12368,1|15|16|10
4918,8241|12008|12242|12368,1|15|16|10
4919,8241|12008|12245|12368,1|15|16|10
4920,8242|12009|12250|12369,1|15|18|12
4921,8242|12009|12249|12369,1|15|18|12
4922,8242|12009|12242|12369,1|15|18|12
4923,8242|12009|12245|12369,1|15|18|12
4924,8243|12009|12250|12381,1|19|22|15
4925,8243|12009|12249|12381,1|19|22|15
4926,8243|12009|12242|12381,1|19|22|15
4927,8243|12009|12245|12381,1|19|22|15
4928,8244|12010|12250|12382,1|19|24|16
4929,8244|12010|12249|12382,1|19|24|16
4930,8244|12010|12242|12382,1|19|24|16
4931,8244|12010|12245|12382,1|19|24|16
4932,8245|12011|12250|12383,1|22|26|17
4933,8245|12011|12249|12383,1|22|26|17
4934,8245|12011|12242|12383,1|22|26|17
4935,8245|12011|12245|12383,1|22|26|17
4936,8246|12011|12250|12383,1|26|31|20
4937,8246|12011|12249|12383,1|26|31|20
4938,8246|12011|12242|12383,1|26|31|20
4939,8246|12011|12245|12383,1|26|31|20
4940,8247|12012|12250|12384,1|29|33|21
4941,8247|12012|12249|12384,1|29|33|21
4942,8247|12012|12242|12384,1|29|33|21
4943,8247|12012|12245|12384,1|29|33|21
4944,8248|12013|12250|12385,1|30|34|22
4945,8248|12013|12249|12385,1|30|34|22
4946,8248|12013|12242|12385,1|30|34|22
4947,8248|12013|12245|12385,1|30|34|22
4948,8249|12014|12250|12386,1|30|35|23
4949,8249|12014|12249|12386,1|30|35|23
4950,8249|12014|12242|12386,1|30|35|23
4951,8249|12014|12245|12386,1|30|35|23
4952,8250|12016|12250|12388,1|25|30|20
4953,8250|12016|12249|12388,1|25|30|20
4954,8250|12016|12242|12388,1|25|30|20
4955,8250|12016|12245|12388,1|25|30|20
4956,8251|12018|12250|12389,1|21|31|20
4957,8251|12018|12249|12389,1|21|31|20
4958,8251|12018|12242|12389,1|21|31|20
4959,8251|12018|12245|12389,1|21|31|20
4960,8261|12001|12250|12362,1|21|10|7
4961,8261|12001|12249|12362,1|21|10|7
4962,8261|12001|12242|12362,1|21|10|7
4963,8261|12001|12245|12362,1|21|10|7
4964,8262|12002|12250|12362,1|23|12|9
4965,8262|12002|12249|12362,1|23|12|9
4966,8262|12002|12242|12362,1|23|12|9
4967,8262|12002|12245|12362,1|23|12|9
4968,8263|12003|12250|12363,1|26|15|11
4969,8263|12003|12249|12363,1|26|15|11
4970,8263|12003|12242|12363,1|26|15|11
4971,8263|12003|12245|12363,1|26|15|11
4972,8264|12004|12250|12364,1|29|19|14
4973,8264|12004|12249|12364,1|29|19|14
4974,8264|12004|12242|12364,1|29|19|14
4975,8264|12004|12245|12364,1|29|19|14
4976,8265|12005|12250|12365,1|32|23|16
4977,8265|12005|12249|12365,1|32|23|16
4978,8265|12005|12242|12365,1|32|23|16
4979,8265|12005|12245|12365,1|32|23|16
4980,8266|12006|12250|12366,1|33|27|19
4981,8266|12006|12249|12366,1|33|27|19
4982,8266|12006|12242|12366,1|33|27|19
4983,8266|12006|12245|12366,1|33|27|19
4984,8267|12007|12250|12367,1|34|30|22
4985,8267|12007|12249|12367,1|34|30|22
4986,8267|12007|12242|12367,1|34|30|22
4987,8267|12007|12245|12367,1|34|30|22
4988,8268|12007|12250|12367,1|43|40|27
4989,8268|12007|12249|12367,1|43|40|27
4990,8268|12007|12242|12367,1|43|40|27
4991,8268|12007|12245|12367,1|43|40|27
4992,8269|12008|12250|12368,1|43|44|30
4993,8269|12008|12249|12368,1|43|44|30
4994,8269|12008|12242|12368,1|43|44|30
4995,8269|12008|12245|12368,1|43|44|30
4996,8270|12009|12250|12369,1|43|49|33
4997,8270|12009|12249|12369,1|43|49|33
4998,8270|12009|12242|12369,1|43|49|33
4999,8270|12009|12245|12369,1|43|49|33
5000,8271|12009|12250|12382,1|52|59|40
5001,8271|12009|12249|12382,1|52|59|40
5002,8271|12009|12242|12382,1|52|59|40
5003,8271|12009|12245|12382,1|52|59|40
5004,8272|12010|12250|12382,1|51|63|42
5005,8272|12010|12249|12382,1|51|63|42
5006,8272|12010|12242|12382,1|51|63|42
5007,8272|12010|12245|12382,1|51|63|42
5008,8273|12011|12250|12383,1|55|65|43
5009,8273|12011|12249|12383,1|55|65|43
5010,8273|12011|12242|12383,1|55|65|43
5011,8273|12011|12245|12383,1|55|65|43
5012,8274|12011|12250|12384,1|63|75|49
5013,8274|12011|12249|12384,1|63|75|49
5014,8274|12011|12242|12384,1|63|75|49
5015,8274|12011|12245|12384,1|63|75|49
5016,8275|12012|12250|12384,1|67|75|49
5017,8275|12012|12249|12384,1|67|75|49
5018,8275|12012|12242|12384,1|67|75|49
5019,8275|12012|12245|12384,1|67|75|49
5020,8276|12013|12250|12385,1|66|73|48
5021,8276|12013|12249|12385,1|66|73|48
5022,8276|12013|12242|12385,1|66|73|48
5023,8276|12013|12245|12385,1|66|73|48
5024,8277|12014|12250|12386,1|61|70|46
5025,8277|12014|12249|12386,1|61|70|46
5026,8277|12014|12242|12386,1|61|70|46
5027,8277|12014|12245|12386,1|61|70|46
5028,8278|12016|12250|12388,1|48|58|39
5029,8278|12016|12249|12388,1|48|58|39
5030,8278|12016|12242|12388,1|48|58|39
5031,8278|12016|12245|12388,1|48|58|39
5032,8279|12018|12250|12389,1|38|56|35
5033,8279|12018|12249|12389,1|38|56|35
5034,8279|12018|12242|12389,1|38|56|35
5035,8279|12018|12245|12389,1|38|56|35
5301,0|12191|0|0,1|5|0|0
5302,0|12124|0|0,1|5|0|0
5303,0|12123|0|0,1|5|0|0
5304,0|12189|0|0,1|5|0|0
5305,0|12099|0|0,1|5|0|0
5306,0|12007|0|0,1|5|0|0
5307,0|12114|0|0,1|5|0|0
5308,0|12125|0|0,1|5|0|0
5309,0|12012|0|0,1|5|0|0
5310,0|12277|0|0,1|5|0|0
5311,0|12015|0|0,1|5|0|0
5312,0|12122|0|0,1|5|0|0
5313,0|12122|12296|0,1|5|1|0
5320,12103|12002|0|0,25|5|0|0
5321,12103|12003|0|0,25|5|0|0
5322,12103|12005|0|0,25|5|0|0
5323,12103|12007|0|0,25|5|0|0
5324,12103|12112|0|0,25|5|0|0
5325,12103|12113|0|0,25|5|0|0
5326,12103|12114|0|0,25|5|0|0
5327,12103|12008|0|0,25|5|0|0
5328,12103|12124|0|0,25|5|0|0
5329,12103|12121|0|0,25|5|0|0
5330,12103|12271|0|0,25|5|0|0
5340,12103|12004|0|0,50|5|0|0
5341,12103|12005|0|0,50|5|0|0
5342,12103|12007|0|0,50|5|0|0
5343,12103|12009|0|0,50|5|0|0
5344,12103|12124|0|0,50|5|0|0
5345,12103|12271|0|0,50|5|0|0
5346,12103|12294|0|0,50|5|0|0
5470,0|12103|0|0,1|1|0|0
5471,0|12103|0|0,1|2|0|0
5472,0|12103|12099|0,2|1|1|0
5473,0|12103|12099|0,2|1|1|0
5474,0|12103|0|0,2|2|0|0
5475,0|12103|0|0,2|4|0|0
5476,0|12103|12101|0,3|2|1|0
5477,0|12103|12101|0,3|2|1|0
5478,0|12103|12101|0,3|2|2|0
5479,0|12103|0|0,1|3|0|0
5480,0|12103|0|0,1|6|0|0
5481,0|12103|12102|0,2|3|1|0
5482,0|12103|12102|0,2|3|1|0
5483,0|12103|0|0,3|5|0|0
5484,0|12103|0|0,3|10|0|0
5485,0|12103|12102|0,4|5|2|0
5486,0|12103|12102|0,4|5|2|0
5487,0|12103|12102|0,5|6|3|0
5500,12399|10101|0|0,1|2|0|0
5501,12399|10102|0|0,1|3|0|0
5502,12399|10103|0|0,1|3|0|0
5503,12399|10104|0|0,1|3|0|0
5504,12399|10105|0|0,1|3|0|0
5505,12399|10106|0|0,1|4|0|0
5506,12399|10107|0|0,1|4|0|0
5507,12399|10108|0|0,1|4|0|0
5508,12399|10109|0|0,1|4|0|0
5510,12399|10101|0|0,10|20|0|0
5511,12399|10102|0|0,10|30|0|0
5512,12399|10103|0|0,10|30|0|0
5513,12399|10104|0|0,10|30|0|0
5514,12399|10105|0|0,10|30|0|0
5515,12399|10106|0|0,10|40|0|0
5516,12399|10107|0|0,10|40|0|0
5517,12399|10108|0|0,10|40|0|0
5518,12399|10109|0|0,10|40|0|0
5520,12400|10120|0|0,1|1|0|0
5521,12400|10121|0|0,1|2|0|0
5522,12400|10122|0|0,1|2|0|0
5523,12400|10123|0|0,1|3|0|0
5524,12400|10124|0|0,1|3|0|0
5525,12400|10125|0|0,1|3|0|0
5526,12400|10126|0|0,1|4|0|0
5527,12400|10127|0|0,1|4|0|0
5528,12400|10128|0|0,1|4|0|0
5530,12400|10120|0|0,10|10|0|0
5531,12400|10121|0|0,10|20|0|0
5532,12400|10122|0|0,10|20|0|0
5533,12400|10123|0|0,10|30|0|0
5534,12400|10124|0|0,10|30|0|0
5535,12400|10125|0|0,10|30|0|0
5536,12400|10126|0|0,10|40|0|0
5537,12400|10127|0|0,10|40|0|0
5538,12400|10128|0|0,10|40|0|0
5540,12398|12092|12362|0,1|2|1|0
5541,12398|12092|12366|0,1|2|1|0
5542,12398|12092|12368|0,1|2|1|0
5543,12398|12092|12369|0,1|2|1|0
5544,12398|12092|12367|0,1|2|1|0
5545,12398|12092|12369|0,1|2|1|0
5546,12398|12092|12365|0,1|2|2|0
5547,12398|12092|12370|0,1|2|1|0
5548,12398|12092|12364|0,1|2|1|0
5549,12398|12092|12361|0,1|2|1|0
5550,12398|12092|12365|0,1|2|1|0
5551,12398|12092|12363|0,1|2|1|0
5552,12398|12092|12365|0,1|2|1|0
